epoch,dataset,split,method,configured,expected_batches,saved_batches,completed_batches,error_batches,missing_batches,complete_success_cohort,evidence_status,mask_qualification
adaptation_discovery_v1,mbd,discovery,jev_joint_ab,True,15,15,15,0,0,True,complete,original reference masks retained separately
adaptation_discovery_v1,mbd,discovery,llm_full_calibration_examples,True,15,15,15,0,0,True,complete,original reference masks retained separately
adaptation_discovery_v1,mbd,discovery,llm_labeled_examples,True,15,15,15,0,0,True,complete,original reference masks retained separately
adaptation_discovery_v1,babe,discovery,jev_joint_ab,True,13,13,13,0,0,True,complete,original reference masks retained separately
adaptation_discovery_v1,babe,discovery,llm_full_calibration_examples,True,13,13,13,0,0,True,complete,original reference masks retained separately
adaptation_discovery_v1,babe,discovery,llm_labeled_examples,True,13,13,13,0,0,True,complete,original reference masks retained separately
adaptation_discovery_v1,conflict,discovery,jev_joint_ab,True,6,6,6,0,0,True,complete,original reference masks retained separately
adaptation_discovery_v1,conflict,discovery,llm_full_calibration_examples,True,6,6,6,0,0,True,complete,original reference masks retained separately
adaptation_discovery_v1,conflict,discovery,llm_labeled_examples,True,6,6,6,0,0,True,complete,original reference masks retained separately
adaptation_discovery_v1,ucc,discovery,jev_joint_ab,True,14,14,14,0,0,True,complete,original reference masks retained separately
adaptation_discovery_v1,ucc,discovery,llm_full_calibration_examples,True,14,14,14,0,0,True,complete,original reference masks retained separately
adaptation_discovery_v1,ucc,discovery,llm_labeled_examples,True,14,14,14,0,0,True,complete,original reference masks retained separately
adaptation_discovery_v1,commonsense,discovery,jev_joint_ab,True,13,13,13,0,0,True,complete,original reference masks retained separately
adaptation_discovery_v1,commonsense,discovery,llm_full_calibration_examples,True,13,13,13,0,0,True,complete,original reference masks retained separately
adaptation_discovery_v1,commonsense,discovery,llm_labeled_examples,True,13,13,13,0,0,True,complete,original reference masks retained separately
adaptation_discovery_v1,taskmap,discovery,jev_joint_ab,True,2,2,2,0,0,True,complete,original reference masks retained separately
adaptation_discovery_v1,taskmap,discovery,llm_full_calibration_examples,True,2,2,2,0,0,True,complete,original reference masks retained separately
adaptation_discovery_v1,taskmap,discovery,llm_labeled_examples,True,2,2,2,0,0,True,complete,original reference masks retained separately
cache_prefix_diagnostic_v1,mbd,diagnostic,llm_direct_cached_prefix,True,42,42,17,25,0,False,partial_or_error,original reference masks retained separately
cache_prefix_diagnostic_v1,mbd,diagnostic,llm_full_examples_cached_prefix,True,42,42,17,25,0,False,partial_or_error,original reference masks retained separately
cache_prefix_diagnostic_v1,mbd,diagnostic,llm_native_cached_prefix,True,42,42,16,26,0,False,partial_or_error,original reference masks retained separately
cache_prefix_diagnostic_v1,babe,diagnostic,llm_direct_cached_prefix,True,63,63,25,38,0,False,partial_or_error,original reference masks retained separately
cache_prefix_diagnostic_v1,babe,diagnostic,llm_full_examples_cached_prefix,True,63,63,17,46,0,False,partial_or_error,original reference masks retained separately
cache_prefix_diagnostic_v1,babe,diagnostic,llm_native_cached_prefix,True,63,63,31,32,0,False,partial_or_error,original reference masks retained separately
cache_prefix_diagnostic_v1,conflict,diagnostic,llm_direct_cached_prefix,True,51,51,25,26,0,False,partial_or_error,original reference masks retained separately
cache_prefix_diagnostic_v1,conflict,diagnostic,llm_full_examples_cached_prefix,True,51,51,16,35,0,False,partial_or_error,original reference masks retained separately
cache_prefix_diagnostic_v1,conflict,diagnostic,llm_native_cached_prefix,True,51,51,21,30,0,False,partial_or_error,original reference masks retained separately
cache_prefix_diagnostic_v1,ucc,diagnostic,llm_direct_cached_prefix,True,63,63,32,31,0,False,partial_or_error,original reference masks retained separately
cache_prefix_diagnostic_v1,ucc,diagnostic,llm_full_examples_cached_prefix,True,63,63,26,37,0,False,partial_or_error,original reference masks retained separately
cache_prefix_diagnostic_v1,ucc,diagnostic,llm_native_cached_prefix,True,63,63,28,35,0,False,partial_or_error,original reference masks retained separately
cache_prefix_diagnostic_v1,commonsense,diagnostic,llm_direct_cached_prefix,True,63,63,28,35,0,False,partial_or_error,original reference masks retained separately
cache_prefix_diagnostic_v1,commonsense,diagnostic,llm_full_examples_cached_prefix,True,63,63,24,39,0,False,partial_or_error,original reference masks retained separately
cache_prefix_diagnostic_v1,commonsense,diagnostic,llm_native_cached_prefix,True,63,63,29,34,0,False,partial_or_error,original reference masks retained separately
calibration_v1,mbd,calibration,jev_anchored,True,17,17,17,0,0,True,complete,original reference masks retained separately
calibration_v1,mbd,calibration,jev_compact,True,17,17,17,0,0,True,complete,original reference masks retained separately
calibration_v1,mbd,calibration,jev_verbose,True,17,17,17,0,0,True,complete,original reference masks retained separately
calibration_v1,mbd,calibration,llm_direct,True,17,17,17,0,0,True,complete,original reference masks retained separately
calibration_v1,babe,calibration,jev_anchored,True,13,13,13,0,0,True,complete,original reference masks retained separately
calibration_v1,babe,calibration,jev_compact,True,13,13,13,0,0,True,complete,original reference masks retained separately
calibration_v1,babe,calibration,jev_verbose,True,13,13,13,0,0,True,complete,original reference masks retained separately
calibration_v1,babe,calibration,llm_direct,True,13,13,13,0,0,True,complete,original reference masks retained separately
calibration_v1,conflict,calibration,jev_anchored,True,7,7,7,0,0,True,complete,original reference masks retained separately
calibration_v1,conflict,calibration,jev_compact,True,7,7,7,0,0,True,complete,original reference masks retained separately
calibration_v1,conflict,calibration,jev_verbose,True,7,7,7,0,0,True,complete,original reference masks retained separately
calibration_v1,conflict,calibration,llm_direct,True,7,7,7,0,0,True,complete,original reference masks retained separately
calibration_v1,ucc,calibration,jev_anchored,True,13,13,13,0,0,True,complete,original reference masks retained separately
calibration_v1,ucc,calibration,jev_compact,True,13,13,13,0,0,True,complete,original reference masks retained separately
calibration_v1,ucc,calibration,jev_verbose,True,13,13,13,0,0,True,complete,original reference masks retained separately
calibration_v1,ucc,calibration,llm_direct,True,13,13,13,0,0,True,complete,original reference masks retained separately
calibration_v1,commonsense,calibration,jev_anchored,True,13,13,13,0,0,True,complete,original reference masks retained separately
calibration_v1,commonsense,calibration,jev_compact,True,13,13,13,0,0,True,complete,original reference masks retained separately
calibration_v1,commonsense,calibration,jev_verbose,True,13,13,13,0,0,True,complete,original reference masks retained separately
calibration_v1,commonsense,calibration,llm_direct,True,13,13,13,0,0,True,complete,original reference masks retained separately
calibration_v1,taskmap,calibration,jev_anchored,True,2,2,2,0,0,True,complete,original reference masks retained separately
calibration_v1,taskmap,calibration,jev_compact,True,2,2,2,0,0,True,complete,original reference masks retained separately
calibration_v1,taskmap,calibration,jev_verbose,True,2,2,2,0,0,True,complete,original reference masks retained separately
calibration_v1,taskmap,calibration,llm_direct,True,2,2,2,0,0,True,complete,original reference masks retained separately
confirmation_jev_v1,ucc,confirmation,jev_native,True,63,63,63,0,0,True,complete,original reference masks retained separately
confirmation_jev_v1,ucc,confirmation,jev_threshold_calibrated,True,63,63,63,0,0,True,complete,original reference masks retained separately
confirmation_jev_v1,commonsense,confirmation,jev_native,True,63,63,63,0,0,True,complete,original reference masks retained separately
confirmation_jev_v1,commonsense,confirmation,jev_threshold_calibrated,True,63,63,63,0,0,True,complete,original reference masks retained separately
confirmation_jev_v1,taskmap,confirmation,jev_native,True,6,6,6,0,0,True,complete,original reference masks retained separately
confirmation_jev_v1,taskmap,confirmation,jev_threshold_calibrated,True,6,6,6,0,0,True,complete,original reference masks retained separately
diagnostic_v1,mbd,diagnostic,jev_ab_average,True,42,42,42,0,0,True,complete,original reference masks retained separately
diagnostic_v1,mbd,diagnostic,jev_ab_judge,True,42,42,42,0,0,True,complete,original reference masks retained separately
diagnostic_v1,mbd,diagnostic,jev_anchored,True,42,42,42,0,0,True,complete,original reference masks retained separately
diagnostic_v1,mbd,diagnostic,jev_boundary,True,42,42,42,0,0,True,complete,original reference masks retained separately
diagnostic_v1,mbd,diagnostic,jev_calibrated,True,42,42,42,0,0,True,complete,original reference masks retained separately
diagnostic_v1,mbd,diagnostic,jev_compact,True,42,42,42,0,0,True,complete,original reference masks retained separately
diagnostic_v1,mbd,diagnostic,jev_verbose,True,42,42,42,0,0,True,complete,original reference masks retained separately
diagnostic_v1,mbd,diagnostic,llm_ab_judge,True,42,42,42,0,0,True,complete,original reference masks retained separately
diagnostic_v1,mbd,diagnostic,llm_direct,True,42,42,42,0,0,True,complete,original reference masks retained separately
diagnostic_v1,mbd,diagnostic,llm_vote5,True,42,42,42,0,0,True,complete,original reference masks retained separately
diagnostic_v1,babe,diagnostic,jev_ab_average,True,63,63,63,0,0,True,complete,original reference masks retained separately
diagnostic_v1,babe,diagnostic,jev_ab_judge,True,63,63,63,0,0,True,complete,original reference masks retained separately
diagnostic_v1,babe,diagnostic,jev_anchored,True,63,63,63,0,0,True,complete,original reference masks retained separately
diagnostic_v1,babe,diagnostic,jev_boundary,True,63,63,63,0,0,True,complete,original reference masks retained separately
diagnostic_v1,babe,diagnostic,jev_calibrated,True,63,63,63,0,0,True,complete,original reference masks retained separately
diagnostic_v1,babe,diagnostic,jev_compact,True,63,63,63,0,0,True,complete,original reference masks retained separately
diagnostic_v1,babe,diagnostic,jev_verbose,True,63,63,63,0,0,True,complete,original reference masks retained separately
diagnostic_v1,babe,diagnostic,llm_ab_judge,True,63,63,63,0,0,True,complete,original reference masks retained separately
diagnostic_v1,babe,diagnostic,llm_direct,True,63,63,63,0,0,True,complete,original reference masks retained separately
diagnostic_v1,babe,diagnostic,llm_vote5,True,63,63,63,0,0,True,complete,original reference masks retained separately
diagnostic_v1,conflict,diagnostic,jev_ab_average,True,51,51,51,0,0,True,complete,original reference masks retained separately
diagnostic_v1,conflict,diagnostic,jev_ab_judge,True,51,51,51,0,0,True,complete,original reference masks retained separately
diagnostic_v1,conflict,diagnostic,jev_anchored,True,51,51,51,0,0,True,complete,original reference masks retained separately
diagnostic_v1,conflict,diagnostic,jev_boundary,True,51,51,51,0,0,True,complete,original reference masks retained separately
diagnostic_v1,conflict,diagnostic,jev_calibrated,True,51,51,51,0,0,True,complete,original reference masks retained separately
diagnostic_v1,conflict,diagnostic,jev_compact,True,51,51,51,0,0,True,complete,original reference masks retained separately
diagnostic_v1,conflict,diagnostic,jev_verbose,True,51,51,51,0,0,True,complete,original reference masks retained separately
diagnostic_v1,conflict,diagnostic,llm_ab_judge,True,51,51,51,0,0,True,complete,original reference masks retained separately
diagnostic_v1,conflict,diagnostic,llm_direct,True,51,51,51,0,0,True,complete,original reference masks retained separately
diagnostic_v1,conflict,diagnostic,llm_vote5,True,51,51,51,0,0,True,complete,original reference masks retained separately
diagnostic_v1,ucc,diagnostic,jev_ab_average,True,63,63,63,0,0,True,complete,original reference masks retained separately
diagnostic_v1,ucc,diagnostic,jev_ab_judge,True,63,63,63,0,0,True,complete,original reference masks retained separately
diagnostic_v1,ucc,diagnostic,jev_anchored,True,63,63,63,0,0,True,complete,original reference masks retained separately
diagnostic_v1,ucc,diagnostic,jev_boundary,True,63,63,63,0,0,True,complete,original reference masks retained separately
diagnostic_v1,ucc,diagnostic,jev_calibrated,True,63,63,63,0,0,True,complete,original reference masks retained separately
diagnostic_v1,ucc,diagnostic,jev_compact,True,63,63,63,0,0,True,complete,original reference masks retained separately
diagnostic_v1,ucc,diagnostic,jev_verbose,True,63,63,63,0,0,True,complete,original reference masks retained separately
diagnostic_v1,ucc,diagnostic,llm_ab_judge,True,63,63,63,0,0,True,complete,original reference masks retained separately
diagnostic_v1,ucc,diagnostic,llm_direct,True,63,63,63,0,0,True,complete,original reference masks retained separately
diagnostic_v1,ucc,diagnostic,llm_vote5,True,63,63,63,0,0,True,complete,original reference masks retained separately
diagnostic_v1,commonsense,diagnostic,jev_ab_average,True,63,63,63,0,0,True,complete,original reference masks retained separately
diagnostic_v1,commonsense,diagnostic,jev_ab_judge,True,63,63,63,0,0,True,complete,original reference masks retained separately
diagnostic_v1,commonsense,diagnostic,jev_anchored,True,63,63,63,0,0,True,complete,original reference masks retained separately
diagnostic_v1,commonsense,diagnostic,jev_boundary,True,63,63,63,0,0,True,complete,original reference masks retained separately
diagnostic_v1,commonsense,diagnostic,jev_calibrated,True,63,63,63,0,0,True,complete,original reference masks retained separately
diagnostic_v1,commonsense,diagnostic,jev_compact,True,63,63,63,0,0,True,complete,original reference masks retained separately
diagnostic_v1,commonsense,diagnostic,jev_verbose,True,63,63,63,0,0,True,complete,original reference masks retained separately
diagnostic_v1,commonsense,diagnostic,llm_ab_judge,True,63,63,63,0,0,True,complete,original reference masks retained separately
diagnostic_v1,commonsense,diagnostic,llm_direct,True,63,63,63,0,0,True,complete,original reference masks retained separately
diagnostic_v1,commonsense,diagnostic,llm_vote5,True,63,63,63,0,0,True,complete,original reference masks retained separately
discovery_taskmap_v4,taskmap,discovery,jev_anchored,True,2,2,2,0,0,True,complete,original reference masks retained separately
discovery_taskmap_v4,taskmap,discovery,jev_compact,True,2,2,2,0,0,True,complete,original reference masks retained separately
discovery_taskmap_v4,taskmap,discovery,jev_verbose,True,2,2,2,0,0,True,complete,original reference masks retained separately
discovery_taskmap_v4,taskmap,discovery,llm_direct,True,2,2,2,0,0,True,complete,original reference masks retained separately
discovery_v1,mbd,discovery,jev_anchored,True,2,2,0,2,0,False,partial_or_error,original reference masks retained separately
discovery_v1,mbd,discovery,jev_compact,True,2,2,0,2,0,False,partial_or_error,original reference masks retained separately
discovery_v1,mbd,discovery,jev_verbose,True,2,2,0,2,0,False,partial_or_error,original reference masks retained separately
discovery_v1,mbd,discovery,llm_direct,True,2,2,2,0,0,True,complete,original reference masks retained separately
discovery_v1,babe,discovery,jev_anchored,True,2,2,0,2,0,False,partial_or_error,original reference masks retained separately
discovery_v1,babe,discovery,jev_compact,True,2,2,0,2,0,False,partial_or_error,original reference masks retained separately
discovery_v1,babe,discovery,jev_verbose,True,2,2,0,2,0,False,partial_or_error,original reference masks retained separately
discovery_v1,babe,discovery,llm_direct,True,2,2,2,0,0,True,complete,original reference masks retained separately
discovery_v1,conflict,discovery,jev_anchored,True,2,2,0,2,0,False,partial_or_error,original reference masks retained separately
discovery_v1,conflict,discovery,jev_compact,True,2,2,0,2,0,False,partial_or_error,original reference masks retained separately
discovery_v1,conflict,discovery,jev_verbose,True,2,2,0,2,0,False,partial_or_error,original reference masks retained separately
discovery_v1,conflict,discovery,llm_direct,True,2,2,2,0,0,True,complete,original reference masks retained separately
discovery_v2,mbd,discovery,jev_anchored,True,15,15,9,6,0,False,partial_or_error,original reference masks retained separately
discovery_v2,mbd,discovery,jev_compact,True,15,15,9,6,0,False,partial_or_error,original reference masks retained separately
discovery_v2,mbd,discovery,jev_verbose,True,15,15,9,6,0,False,partial_or_error,original reference masks retained separately
discovery_v2,mbd,discovery,llm_direct,True,15,15,15,0,0,True,complete,original reference masks retained separately
discovery_v2,babe,discovery,jev_anchored,True,13,13,13,0,0,True,complete,original reference masks retained separately
discovery_v2,babe,discovery,jev_compact,True,13,13,13,0,0,True,complete,original reference masks retained separately
discovery_v2,babe,discovery,jev_verbose,True,13,13,13,0,0,True,complete,original reference masks retained separately
discovery_v2,babe,discovery,llm_direct,True,13,13,13,0,0,True,complete,original reference masks retained separately
discovery_v2,conflict,discovery,jev_anchored,True,6,6,6,0,0,True,complete,original reference masks retained separately
discovery_v2,conflict,discovery,jev_compact,True,6,6,6,0,0,True,complete,original reference masks retained separately
discovery_v2,conflict,discovery,jev_verbose,True,6,6,6,0,0,True,complete,original reference masks retained separately
discovery_v2,conflict,discovery,llm_direct,True,6,6,6,0,0,True,complete,original reference masks retained separately
discovery_v2,ucc,discovery,jev_anchored,True,14,14,14,0,0,True,complete,original reference masks retained separately
discovery_v2,ucc,discovery,jev_compact,True,14,14,14,0,0,True,complete,original reference masks retained separately
discovery_v2,ucc,discovery,jev_verbose,True,14,14,14,0,0,True,complete,original reference masks retained separately
discovery_v2,ucc,discovery,llm_direct,True,14,14,14,0,0,True,complete,original reference masks retained separately
discovery_v2,commonsense,discovery,jev_anchored,True,13,13,13,0,0,True,complete,original reference masks retained separately
discovery_v2,commonsense,discovery,jev_compact,True,13,13,13,0,0,True,complete,original reference masks retained separately
discovery_v2,commonsense,discovery,jev_verbose,True,13,13,13,0,0,True,complete,original reference masks retained separately
discovery_v2,commonsense,discovery,llm_direct,True,13,13,13,0,0,True,complete,original reference masks retained separately
discovery_v3,mbd,discovery,jev_anchored,True,15,15,15,0,0,True,complete,original reference masks retained separately
discovery_v3,mbd,discovery,jev_compact,True,15,15,15,0,0,True,complete,original reference masks retained separately
discovery_v3,mbd,discovery,jev_verbose,True,15,15,15,0,0,True,complete,original reference masks retained separately
discovery_v3,mbd,discovery,llm_direct,True,15,15,15,0,0,True,complete,original reference masks retained separately
discovery_v3,babe,discovery,jev_anchored,True,13,13,13,0,0,True,complete,original reference masks retained separately
discovery_v3,babe,discovery,jev_compact,True,13,13,13,0,0,True,complete,original reference masks retained separately
discovery_v3,babe,discovery,jev_verbose,True,13,13,13,0,0,True,complete,original reference masks retained separately
discovery_v3,babe,discovery,llm_direct,True,13,13,13,0,0,True,complete,original reference masks retained separately
discovery_v3,conflict,discovery,jev_anchored,True,6,6,6,0,0,True,complete,original reference masks retained separately
discovery_v3,conflict,discovery,jev_compact,True,6,6,6,0,0,True,complete,original reference masks retained separately
discovery_v3,conflict,discovery,jev_verbose,True,6,6,6,0,0,True,complete,original reference masks retained separately
discovery_v3,conflict,discovery,llm_direct,True,6,6,6,0,0,True,complete,original reference masks retained separately
discovery_v3,ucc,discovery,jev_anchored,True,14,14,14,0,0,True,complete,original reference masks retained separately
discovery_v3,ucc,discovery,jev_compact,True,14,14,14,0,0,True,complete,original reference masks retained separately
discovery_v3,ucc,discovery,jev_verbose,True,14,14,14,0,0,True,complete,original reference masks retained separately
discovery_v3,ucc,discovery,llm_direct,True,14,14,14,0,0,True,complete,original reference masks retained separately
discovery_v3,commonsense,discovery,jev_anchored,True,13,13,13,0,0,True,complete,original reference masks retained separately
discovery_v3,commonsense,discovery,jev_compact,True,13,13,13,0,0,True,complete,original reference masks retained separately
discovery_v3,commonsense,discovery,jev_verbose,True,13,13,13,0,0,True,complete,original reference masks retained separately
discovery_v3,commonsense,discovery,llm_direct,True,13,13,13,0,0,True,complete,original reference masks retained separately
discovery_v3,taskmap,discovery,jev_anchored,True,2,2,2,0,0,True,complete,original reference masks retained separately
discovery_v3,taskmap,discovery,jev_compact,True,2,2,2,0,0,True,complete,original reference masks retained separately
discovery_v3,taskmap,discovery,jev_verbose,True,2,2,0,2,0,False,partial_or_error,original reference masks retained separately
discovery_v3,taskmap,discovery,llm_direct,True,2,2,2,0,0,True,complete,original reference masks retained separately
explanation_discovery_v2,mbd,discovery,jev_explanation,True,15,15,15,0,0,True,complete,original reference masks retained separately
explanation_discovery_v2,mbd,discovery,jev_grounded,False,15,15,15,0,0,True,complete,original reference masks retained separately
explanation_discovery_v2,babe,discovery,jev_explanation,True,13,13,11,2,0,False,partial_or_error,original reference masks retained separately
explanation_discovery_v2,babe,discovery,jev_grounded,False,13,13,13,0,0,True,complete,original reference masks retained separately
explanation_discovery_v2,conflict,discovery,jev_explanation,True,6,6,5,1,0,False,partial_or_error,original reference masks retained separately
explanation_discovery_v2,conflict,discovery,jev_grounded,False,6,6,6,0,0,True,complete,original reference masks retained separately
explanation_discovery_v2,ucc,discovery,jev_explanation,True,14,14,14,0,0,True,complete,original reference masks retained separately
explanation_discovery_v2,ucc,discovery,jev_grounded,False,14,14,14,0,0,True,complete,original reference masks retained separately
explanation_discovery_v2,commonsense,discovery,jev_explanation,True,13,13,13,0,0,True,complete,original reference masks retained separately
explanation_discovery_v2,commonsense,discovery,jev_grounded,False,13,13,13,0,0,True,complete,original reference masks retained separately
explanation_discovery_v2,taskmap,discovery,jev_explanation,True,2,2,2,0,0,True,complete,original reference masks retained separately
explanation_discovery_v2,taskmap,discovery,jev_grounded,False,2,2,2,0,0,True,complete,original reference masks retained separately
explanation_fallback_discovery_v3,mbd,discovery,jev_explanation_fallback,True,15,15,15,0,0,True,complete,original reference masks retained separately
explanation_fallback_discovery_v3,mbd,discovery,jev_verbose,False,15,15,15,0,0,True,complete,original reference masks retained separately
explanation_fallback_discovery_v3,babe,discovery,jev_explanation_fallback,True,13,13,13,0,0,True,complete,original reference masks retained separately
explanation_fallback_discovery_v3,babe,discovery,jev_verbose,False,13,13,13,0,0,True,complete,original reference masks retained separately
explanation_fallback_discovery_v3,conflict,discovery,jev_explanation_fallback,True,6,6,6,0,0,True,complete,original reference masks retained separately
explanation_fallback_discovery_v3,conflict,discovery,jev_verbose,False,6,6,6,0,0,True,complete,original reference masks retained separately
explanation_fallback_discovery_v3,ucc,discovery,jev_explanation_fallback,True,14,14,14,0,0,True,complete,original reference masks retained separately
explanation_fallback_discovery_v3,ucc,discovery,jev_verbose,False,14,14,14,0,0,True,complete,original reference masks retained separately
explanation_fallback_discovery_v3,commonsense,discovery,jev_explanation_fallback,True,13,13,13,0,0,True,complete,original reference masks retained separately
explanation_fallback_discovery_v3,commonsense,discovery,jev_verbose,False,13,13,13,0,0,True,complete,original reference masks retained separately
explanation_fallback_discovery_v3,taskmap,discovery,jev_explanation_fallback,True,2,2,2,0,0,True,complete,original reference masks retained separately
explanation_fallback_discovery_v3,taskmap,discovery,jev_verbose,False,2,2,2,0,0,True,complete,original reference masks retained separately
grounded_calibration_v1,mbd,calibration,jev_grounded,True,17,17,17,0,0,True,complete,original reference masks retained separately
grounded_calibration_v1,mbd,calibration,llm_grounded,True,17,17,17,0,0,True,complete,original reference masks retained separately
grounded_calibration_v1,babe,calibration,jev_grounded,True,13,13,13,0,0,True,complete,original reference masks retained separately
grounded_calibration_v1,babe,calibration,llm_grounded,True,13,13,13,0,0,True,complete,original reference masks retained separately
grounded_calibration_v1,conflict,calibration,jev_grounded,True,7,7,7,0,0,True,complete,original reference masks retained separately
grounded_calibration_v1,conflict,calibration,llm_grounded,True,7,7,7,0,0,True,complete,original reference masks retained separately
grounded_calibration_v1,ucc,calibration,jev_grounded,True,13,13,13,0,0,True,complete,original reference masks retained separately
grounded_calibration_v1,ucc,calibration,llm_grounded,True,13,13,13,0,0,True,complete,original reference masks retained separately
grounded_calibration_v1,commonsense,calibration,jev_grounded,True,13,13,13,0,0,True,complete,original reference masks retained separately
grounded_calibration_v1,commonsense,calibration,llm_grounded,True,13,13,13,0,0,True,complete,original reference masks retained separately
grounded_calibration_v1,taskmap,calibration,jev_grounded,True,2,2,2,0,0,True,complete,original reference masks retained separately
grounded_calibration_v1,taskmap,calibration,llm_grounded,True,2,2,2,0,0,True,complete,original reference masks retained separately
grounded_discovery_v1,mbd,discovery,jev_grounded,True,15,15,15,0,0,True,complete,original reference masks retained separately
grounded_discovery_v1,mbd,discovery,llm_grounded,True,15,15,15,0,0,True,complete,original reference masks retained separately
grounded_discovery_v1,babe,discovery,jev_grounded,True,13,13,13,0,0,True,complete,original reference masks retained separately
grounded_discovery_v1,babe,discovery,llm_grounded,True,13,13,13,0,0,True,complete,original reference masks retained separately
grounded_discovery_v1,conflict,discovery,jev_grounded,True,6,6,6,0,0,True,complete,original reference masks retained separately
grounded_discovery_v1,conflict,discovery,llm_grounded,True,6,6,6,0,0,True,complete,original reference masks retained separately
grounded_discovery_v1,ucc,discovery,jev_grounded,True,14,14,14,0,0,True,complete,original reference masks retained separately
grounded_discovery_v1,ucc,discovery,llm_grounded,True,14,14,14,0,0,True,complete,original reference masks retained separately
grounded_discovery_v1,commonsense,discovery,jev_grounded,True,13,13,13,0,0,True,complete,original reference masks retained separately
grounded_discovery_v1,commonsense,discovery,llm_grounded,True,13,13,13,0,0,True,complete,original reference masks retained separately
grounded_discovery_v1,taskmap,discovery,jev_grounded,True,2,2,2,0,0,True,complete,original reference masks retained separately
grounded_discovery_v1,taskmap,discovery,llm_grounded,True,2,2,2,0,0,True,complete,original reference masks retained separately
native_calibration_v1,mbd,calibration,jev_native,True,17,17,17,0,0,True,complete,original reference masks retained separately
native_calibration_v1,mbd,calibration,llm_native,True,17,17,17,0,0,True,complete,original reference masks retained separately
native_calibration_v1,babe,calibration,jev_native,True,13,13,13,0,0,True,complete,original reference masks retained separately
native_calibration_v1,babe,calibration,llm_native,True,13,13,13,0,0,True,complete,original reference masks retained separately
native_calibration_v1,conflict,calibration,jev_native,True,7,7,7,0,0,True,complete,original reference masks retained separately
native_calibration_v1,conflict,calibration,llm_native,True,7,7,7,0,0,True,complete,original reference masks retained separately
native_calibration_v1,ucc,calibration,jev_native,True,13,13,13,0,0,True,complete,original reference masks retained separately
native_calibration_v1,ucc,calibration,llm_native,True,13,13,13,0,0,True,complete,original reference masks retained separately
native_calibration_v1,commonsense,calibration,jev_native,True,13,13,13,0,0,True,complete,original reference masks retained separately
native_calibration_v1,commonsense,calibration,llm_native,True,13,13,13,0,0,True,complete,original reference masks retained separately
native_calibration_v1,taskmap,calibration,jev_native,True,2,2,2,0,0,True,complete,original reference masks retained separately
native_calibration_v1,taskmap,calibration,llm_native,True,2,2,2,0,0,True,complete,original reference masks retained separately
native_diagnostic_v1,mbd,diagnostic,jev_native,True,42,42,42,0,0,True,complete,original reference masks retained separately
native_diagnostic_v1,mbd,diagnostic,jev_threshold_calibrated,True,42,42,42,0,0,True,complete,original reference masks retained separately
native_diagnostic_v1,mbd,diagnostic,llm_native,True,42,42,42,0,0,True,complete,original reference masks retained separately
native_diagnostic_v1,babe,diagnostic,jev_native,True,63,63,63,0,0,True,complete,original reference masks retained separately
native_diagnostic_v1,babe,diagnostic,jev_threshold_calibrated,True,63,63,63,0,0,True,complete,original reference masks retained separately
native_diagnostic_v1,babe,diagnostic,llm_native,True,63,63,63,0,0,True,complete,original reference masks retained separately
native_diagnostic_v1,conflict,diagnostic,jev_native,True,51,51,51,0,0,True,complete,original reference masks retained separately
native_diagnostic_v1,conflict,diagnostic,jev_threshold_calibrated,True,51,51,51,0,0,True,complete,original reference masks retained separately
native_diagnostic_v1,conflict,diagnostic,llm_native,True,51,51,51,0,0,True,complete,original reference masks retained separately
native_diagnostic_v1,ucc,diagnostic,jev_native,True,63,63,63,0,0,True,complete,original reference masks retained separately
native_diagnostic_v1,ucc,diagnostic,jev_threshold_calibrated,True,63,63,63,0,0,True,complete,original reference masks retained separately
native_diagnostic_v1,ucc,diagnostic,llm_native,True,63,63,63,0,0,True,complete,original reference masks retained separately
native_diagnostic_v1,commonsense,diagnostic,jev_native,True,63,63,63,0,0,True,complete,original reference masks retained separately
native_diagnostic_v1,commonsense,diagnostic,jev_threshold_calibrated,True,63,63,63,0,0,True,complete,original reference masks retained separately
native_diagnostic_v1,commonsense,diagnostic,llm_native,True,63,63,63,0,0,True,complete,original reference masks retained separately
native_discovery_v1,mbd,discovery,jev_native,True,15,15,15,0,0,True,complete,original reference masks retained separately
native_discovery_v1,mbd,discovery,llm_native,True,15,15,15,0,0,True,complete,original reference masks retained separately
native_discovery_v1,babe,discovery,jev_native,True,13,13,13,0,0,True,complete,original reference masks retained separately
native_discovery_v1,babe,discovery,llm_native,True,13,13,13,0,0,True,complete,original reference masks retained separately
native_discovery_v1,conflict,discovery,jev_native,True,6,6,6,0,0,True,complete,original reference masks retained separately
native_discovery_v1,conflict,discovery,llm_native,True,6,6,6,0,0,True,complete,original reference masks retained separately
native_discovery_v1,ucc,discovery,jev_native,True,14,14,14,0,0,True,complete,original reference masks retained separately
native_discovery_v1,ucc,discovery,llm_native,True,14,14,14,0,0,True,complete,original reference masks retained separately
native_discovery_v1,commonsense,discovery,jev_native,True,13,13,13,0,0,True,complete,original reference masks retained separately
native_discovery_v1,commonsense,discovery,llm_native,True,13,13,13,0,0,True,complete,original reference masks retained separately
native_discovery_v1,taskmap,discovery,jev_native,True,2,2,2,0,0,True,complete,original reference masks retained separately
native_discovery_v1,taskmap,discovery,llm_native,True,2,2,2,0,0,True,complete,original reference masks retained separately
routing_diagnostic_v1_b025,mbd,diagnostic,jev_grounded,False,42,42,42,0,0,True,complete,original reference masks retained separately
routing_diagnostic_v1_b025,mbd,diagnostic,jev_targeted_llm,True,42,42,42,0,0,True,complete,original reference masks retained separately
routing_diagnostic_v1_b025,babe,diagnostic,jev_grounded,False,63,63,63,0,0,True,complete,original reference masks retained separately
routing_diagnostic_v1_b025,babe,diagnostic,jev_targeted_llm,True,63,63,63,0,0,True,complete,original reference masks retained separately
routing_diagnostic_v1_b025,conflict,diagnostic,jev_grounded,False,51,51,51,0,0,True,complete,original reference masks retained separately
routing_diagnostic_v1_b025,conflict,diagnostic,jev_targeted_llm,True,51,51,51,0,0,True,complete,original reference masks retained separately
routing_diagnostic_v1_b025,ucc,diagnostic,jev_grounded,False,63,63,63,0,0,True,complete,original reference masks retained separately
routing_diagnostic_v1_b025,ucc,diagnostic,jev_targeted_llm,True,63,63,63,0,0,True,complete,original reference masks retained separately
routing_diagnostic_v1_b025,commonsense,diagnostic,jev_grounded,False,63,63,63,0,0,True,complete,original reference masks retained separately
routing_diagnostic_v1_b025,commonsense,diagnostic,jev_targeted_llm,True,63,63,63,0,0,True,complete,original reference masks retained separately
routing_discovery_v1_b01,mbd,discovery,jev_explanation,True,15,15,14,1,0,False,partial_or_error,original reference masks retained separately
routing_discovery_v1_b01,mbd,discovery,jev_grounded,False,15,15,15,0,0,True,complete,original reference masks retained separately
routing_discovery_v1_b01,mbd,discovery,jev_targeted_llm,True,15,15,15,0,0,True,complete,original reference masks retained separately
routing_discovery_v1_b01,babe,discovery,jev_explanation,True,13,13,12,1,0,False,partial_or_error,original reference masks retained separately
routing_discovery_v1_b01,babe,discovery,jev_grounded,False,13,13,13,0,0,True,complete,original reference masks retained separately
routing_discovery_v1_b01,babe,discovery,jev_targeted_llm,True,13,13,13,0,0,True,complete,original reference masks retained separately
routing_discovery_v1_b01,conflict,discovery,jev_explanation,True,6,6,6,0,0,True,complete,original reference masks retained separately
routing_discovery_v1_b01,conflict,discovery,jev_grounded,False,6,6,6,0,0,True,complete,original reference masks retained separately
routing_discovery_v1_b01,conflict,discovery,jev_targeted_llm,True,6,6,6,0,0,True,complete,original reference masks retained separately
routing_discovery_v1_b01,ucc,discovery,jev_explanation,True,14,14,13,1,0,False,partial_or_error,original reference masks retained separately
routing_discovery_v1_b01,ucc,discovery,jev_grounded,False,14,14,14,0,0,True,complete,original reference masks retained separately
routing_discovery_v1_b01,ucc,discovery,jev_targeted_llm,True,14,14,14,0,0,True,complete,original reference masks retained separately
routing_discovery_v1_b01,commonsense,discovery,jev_explanation,True,13,13,12,1,0,False,partial_or_error,original reference masks retained separately
routing_discovery_v1_b01,commonsense,discovery,jev_grounded,False,13,13,13,0,0,True,complete,original reference masks retained separately
routing_discovery_v1_b01,commonsense,discovery,jev_targeted_llm,True,13,13,13,0,0,True,complete,original reference masks retained separately
routing_discovery_v1_b01,taskmap,discovery,jev_explanation,True,2,2,2,0,0,True,complete,original reference masks retained separately
routing_discovery_v1_b01,taskmap,discovery,jev_grounded,False,2,2,2,0,0,True,complete,original reference masks retained separately
routing_discovery_v1_b01,taskmap,discovery,jev_targeted_llm,True,2,2,2,0,0,True,complete,original reference masks retained separately
routing_discovery_v1_b025,mbd,discovery,jev_explanation,True,15,15,12,3,0,False,partial_or_error,original reference masks retained separately
routing_discovery_v1_b025,mbd,discovery,jev_grounded,False,15,15,15,0,0,True,complete,original reference masks retained separately
routing_discovery_v1_b025,mbd,discovery,jev_targeted_llm,True,15,15,15,0,0,True,complete,original reference masks retained separately
routing_discovery_v1_b025,babe,discovery,jev_explanation,True,13,13,10,3,0,False,partial_or_error,original reference masks retained separately
routing_discovery_v1_b025,babe,discovery,jev_grounded,False,13,13,13,0,0,True,complete,original reference masks retained separately
routing_discovery_v1_b025,babe,discovery,jev_targeted_llm,True,13,13,13,0,0,True,complete,original reference masks retained separately
routing_discovery_v1_b025,conflict,discovery,jev_explanation,True,6,6,5,1,0,False,partial_or_error,original reference masks retained separately
routing_discovery_v1_b025,conflict,discovery,jev_grounded,False,6,6,6,0,0,True,complete,original reference masks retained separately
routing_discovery_v1_b025,conflict,discovery,jev_targeted_llm,True,6,6,6,0,0,True,complete,original reference masks retained separately
routing_discovery_v1_b025,ucc,discovery,jev_explanation,True,14,14,11,3,0,False,partial_or_error,original reference masks retained separately
routing_discovery_v1_b025,ucc,discovery,jev_grounded,False,14,14,14,0,0,True,complete,original reference masks retained separately
routing_discovery_v1_b025,ucc,discovery,jev_targeted_llm,True,14,14,14,0,0,True,complete,original reference masks retained separately
routing_discovery_v1_b025,commonsense,discovery,jev_explanation,True,13,13,10,3,0,False,partial_or_error,original reference masks retained separately
routing_discovery_v1_b025,commonsense,discovery,jev_grounded,False,13,13,13,0,0,True,complete,original reference masks retained separately
routing_discovery_v1_b025,commonsense,discovery,jev_targeted_llm,True,13,13,13,0,0,True,complete,original reference masks retained separately
routing_discovery_v1_b025,taskmap,discovery,jev_explanation,True,2,2,2,0,0,True,complete,original reference masks retained separately
routing_discovery_v1_b025,taskmap,discovery,jev_grounded,False,2,2,2,0,0,True,complete,original reference masks retained separately
routing_discovery_v1_b025,taskmap,discovery,jev_targeted_llm,True,2,2,2,0,0,True,complete,original reference masks retained separately
routing_discovery_v1_b05,mbd,discovery,jev_explanation,True,15,15,8,7,0,False,partial_or_error,original reference masks retained separately
routing_discovery_v1_b05,mbd,discovery,jev_grounded,False,15,15,15,0,0,True,complete,original reference masks retained separately
routing_discovery_v1_b05,mbd,discovery,jev_targeted_llm,True,15,15,15,0,0,True,complete,original reference masks retained separately
routing_discovery_v1_b05,babe,discovery,jev_explanation,True,13,13,7,6,0,False,partial_or_error,original reference masks retained separately
routing_discovery_v1_b05,babe,discovery,jev_grounded,False,13,13,13,0,0,True,complete,original reference masks retained separately
routing_discovery_v1_b05,babe,discovery,jev_targeted_llm,True,13,13,13,0,0,True,complete,original reference masks retained separately
routing_discovery_v1_b05,conflict,discovery,jev_explanation,True,6,6,3,3,0,False,partial_or_error,original reference masks retained separately
routing_discovery_v1_b05,conflict,discovery,jev_grounded,False,6,6,6,0,0,True,complete,original reference masks retained separately
routing_discovery_v1_b05,conflict,discovery,jev_targeted_llm,True,6,6,6,0,0,True,complete,original reference masks retained separately
routing_discovery_v1_b05,ucc,discovery,jev_explanation,True,14,14,7,7,0,False,partial_or_error,original reference masks retained separately
routing_discovery_v1_b05,ucc,discovery,jev_grounded,False,14,14,14,0,0,True,complete,original reference masks retained separately
routing_discovery_v1_b05,ucc,discovery,jev_targeted_llm,True,14,14,14,0,0,True,complete,original reference masks retained separately
routing_discovery_v1_b05,commonsense,discovery,jev_explanation,True,13,13,7,6,0,False,partial_or_error,original reference masks retained separately
routing_discovery_v1_b05,commonsense,discovery,jev_grounded,False,13,13,13,0,0,True,complete,original reference masks retained separately
routing_discovery_v1_b05,commonsense,discovery,jev_targeted_llm,True,13,13,13,0,0,True,complete,original reference masks retained separately
routing_discovery_v1_b05,taskmap,discovery,jev_explanation,True,2,2,1,1,0,False,partial_or_error,original reference masks retained separately
routing_discovery_v1_b05,taskmap,discovery,jev_grounded,False,2,2,2,0,0,True,complete,original reference masks retained separately
routing_discovery_v1_b05,taskmap,discovery,jev_targeted_llm,True,2,2,2,0,0,True,complete,original reference masks retained separately
smoke_model_v2,babe,discovery,jev_compact,True,1,1,1,0,0,True,complete,original reference masks retained separately
smoke_taskmap_v3,taskmap,discovery,jev_compact,True,1,1,1,0,0,True,complete,original reference masks retained separately
smoke_taskmap_v3,taskmap,discovery,llm_direct,True,1,1,1,0,0,True,complete,original reference masks retained separately
strengthening_diagnostic_v1,mbd,diagnostic,jev_grounded,True,42,42,42,0,0,True,complete,original reference masks retained separately
strengthening_diagnostic_v1,mbd,diagnostic,jev_threshold_calibrated,True,42,42,42,0,0,True,complete,original reference masks retained separately
strengthening_diagnostic_v1,mbd,diagnostic,llm_full_calibration_examples,True,42,42,42,0,0,True,complete,original reference masks retained separately
strengthening_diagnostic_v1,mbd,diagnostic,llm_grounded,True,42,42,42,0,0,True,complete,original reference masks retained separately
strengthening_diagnostic_v1,mbd,diagnostic,llm_labeled_examples,True,42,42,42,0,0,True,complete,original reference masks retained separately
strengthening_diagnostic_v1,babe,diagnostic,jev_grounded,True,63,63,63,0,0,True,complete,original reference masks retained separately
strengthening_diagnostic_v1,babe,diagnostic,jev_threshold_calibrated,True,63,63,63,0,0,True,complete,original reference masks retained separately
strengthening_diagnostic_v1,babe,diagnostic,llm_full_calibration_examples,True,63,63,63,0,0,True,complete,original reference masks retained separately
strengthening_diagnostic_v1,babe,diagnostic,llm_grounded,True,63,63,63,0,0,True,complete,original reference masks retained separately
strengthening_diagnostic_v1,babe,diagnostic,llm_labeled_examples,True,63,63,63,0,0,True,complete,original reference masks retained separately
strengthening_diagnostic_v1,conflict,diagnostic,jev_grounded,True,51,51,51,0,0,True,complete,original reference masks retained separately
strengthening_diagnostic_v1,conflict,diagnostic,jev_threshold_calibrated,True,51,51,51,0,0,True,complete,original reference masks retained separately
strengthening_diagnostic_v1,conflict,diagnostic,llm_full_calibration_examples,True,51,51,51,0,0,True,complete,original reference masks retained separately
strengthening_diagnostic_v1,conflict,diagnostic,llm_grounded,True,51,51,51,0,0,True,complete,original reference masks retained separately
strengthening_diagnostic_v1,conflict,diagnostic,llm_labeled_examples,True,51,51,51,0,0,True,complete,original reference masks retained separately
strengthening_diagnostic_v1,ucc,diagnostic,jev_grounded,True,63,63,63,0,0,True,complete,original reference masks retained separately
strengthening_diagnostic_v1,ucc,diagnostic,jev_threshold_calibrated,True,63,63,63,0,0,True,complete,original reference masks retained separately
strengthening_diagnostic_v1,ucc,diagnostic,llm_full_calibration_examples,True,63,63,63,0,0,True,complete,original reference masks retained separately
strengthening_diagnostic_v1,ucc,diagnostic,llm_grounded,True,63,63,63,0,0,True,complete,original reference masks retained separately
strengthening_diagnostic_v1,ucc,diagnostic,llm_labeled_examples,True,63,63,63,0,0,True,complete,original reference masks retained separately
strengthening_diagnostic_v1,commonsense,diagnostic,jev_grounded,True,63,63,63,0,0,True,complete,original reference masks retained separately
strengthening_diagnostic_v1,commonsense,diagnostic,jev_threshold_calibrated,True,63,63,63,0,0,True,complete,original reference masks retained separately
strengthening_diagnostic_v1,commonsense,diagnostic,llm_full_calibration_examples,True,63,63,63,0,0,True,complete,original reference masks retained separately
strengthening_diagnostic_v1,commonsense,diagnostic,llm_grounded,True,63,63,63,0,0,True,complete,original reference masks retained separately
strengthening_diagnostic_v1,commonsense,diagnostic,llm_labeled_examples,True,63,63,63,0,0,True,complete,original reference masks retained separately
threshold_redecode_v1,mbd,diagnostic,jev_threshold_calibrated,False,0,42,42,0,0,False,partial_or_error,original reference masks retained separately
threshold_redecode_v1,babe,diagnostic,jev_threshold_calibrated,False,0,63,63,0,0,False,partial_or_error,original reference masks retained separately
threshold_redecode_v1,conflict,diagnostic,jev_threshold_calibrated,False,0,51,51,0,0,False,partial_or_error,original reference masks retained separately
threshold_redecode_v1,ucc,diagnostic,jev_threshold_calibrated,False,0,63,63,0,0,False,partial_or_error,original reference masks retained separately
threshold_redecode_v1,commonsense,diagnostic,jev_threshold_calibrated,False,0,63,63,0,0,False,partial_or_error,original reference masks retained separately
verbose_routing_diagnostic_v1_b01,mbd,diagnostic,jev_targeted_llm,True,42,42,42,0,0,True,complete,original reference masks retained separately
verbose_routing_diagnostic_v1_b01,mbd,diagnostic,jev_verbose,False,42,42,42,0,0,True,complete,original reference masks retained separately
verbose_routing_diagnostic_v1_b01,babe,diagnostic,jev_targeted_llm,True,63,63,63,0,0,True,complete,original reference masks retained separately
verbose_routing_diagnostic_v1_b01,babe,diagnostic,jev_verbose,False,63,63,63,0,0,True,complete,original reference masks retained separately
verbose_routing_diagnostic_v1_b01,conflict,diagnostic,jev_targeted_llm,True,51,51,51,0,0,True,complete,original reference masks retained separately
verbose_routing_diagnostic_v1_b01,conflict,diagnostic,jev_verbose,False,51,51,51,0,0,True,complete,original reference masks retained separately
verbose_routing_diagnostic_v1_b01,ucc,diagnostic,jev_targeted_llm,True,63,63,63,0,0,True,complete,original reference masks retained separately
verbose_routing_diagnostic_v1_b01,ucc,diagnostic,jev_verbose,False,63,63,63,0,0,True,complete,original reference masks retained separately
verbose_routing_diagnostic_v1_b01,commonsense,diagnostic,jev_targeted_llm,True,63,63,63,0,0,True,complete,original reference masks retained separately
verbose_routing_diagnostic_v1_b01,commonsense,diagnostic,jev_verbose,False,63,63,63,0,0,True,complete,original reference masks retained separately
verbose_routing_diagnostic_v1_b025,mbd,diagnostic,jev_targeted_llm,True,42,42,42,0,0,True,complete,original reference masks retained separately
verbose_routing_diagnostic_v1_b025,mbd,diagnostic,jev_verbose,False,42,42,42,0,0,True,complete,original reference masks retained separately
verbose_routing_diagnostic_v1_b025,babe,diagnostic,jev_targeted_llm,True,63,63,63,0,0,True,complete,original reference masks retained separately
verbose_routing_diagnostic_v1_b025,babe,diagnostic,jev_verbose,False,63,63,63,0,0,True,complete,original reference masks retained separately
verbose_routing_diagnostic_v1_b025,conflict,diagnostic,jev_targeted_llm,True,51,51,51,0,0,True,complete,original reference masks retained separately
verbose_routing_diagnostic_v1_b025,conflict,diagnostic,jev_verbose,False,51,51,51,0,0,True,complete,original reference masks retained separately
verbose_routing_diagnostic_v1_b025,ucc,diagnostic,jev_targeted_llm,True,63,63,63,0,0,True,complete,original reference masks retained separately
verbose_routing_diagnostic_v1_b025,ucc,diagnostic,jev_verbose,False,63,63,63,0,0,True,complete,original reference masks retained separately
verbose_routing_diagnostic_v1_b025,commonsense,diagnostic,jev_targeted_llm,True,63,63,63,0,0,True,complete,original reference masks retained separately
verbose_routing_diagnostic_v1_b025,commonsense,diagnostic,jev_verbose,False,63,63,63,0,0,True,complete,original reference masks retained separately
