epoch,dataset,split,method,dimension_id,n_cells,agreement,shared_wrong,both_wrong,disagreement,A_correct,B_correct,final_correct,shared_wrong_corrected,agreed_correct_harmed
adaptation_discovery_v1,babe,discovery,jev_joint_ab,label_bias,200,190,32,32,10,162,164,163,0,0
adaptation_discovery_v1,conflict,discovery,jev_joint_ab,rating_OI_content,92,90,14,14,2,77,77,77,0,0
adaptation_discovery_v1,conflict,discovery,jev_joint_ab,rating_OI_expression,92,91,26,26,1,66,65,66,0,0
adaptation_discovery_v1,conflict,discovery,jev_joint_ab,rating_directness_content,92,91,8,8,1,83,84,84,0,0
adaptation_discovery_v1,conflict,discovery,jev_joint_ab,rating_directness_expression,92,90,8,8,2,83,83,83,0,0
adaptation_discovery_v1,mbd,discovery,jev_joint_ab,focus,204,202,18,18,2,184,186,185,0,0
adaptation_discovery_v1,mbd,discovery,jev_joint_ab,tone,210,201,38,38,9,166,169,170,0,0
adaptation_discovery_v1,mbd,discovery,jev_joint_ab,type,209,205,32,32,4,175,175,176,0,0
adaptation_discovery_v1,ucc,discovery,jev_joint_ab,antagonize,210,206,89,89,4,119,119,117,0,0
adaptation_discovery_v1,ucc,discovery,jev_joint_ab,condescending,210,204,77,77,6,130,130,131,0,1
adaptation_discovery_v1,ucc,discovery,jev_joint_ab,dismissive,210,193,75,75,17,118,135,124,0,0
adaptation_discovery_v1,ucc,discovery,jev_joint_ab,generalisation,210,203,22,22,7,184,185,185,0,0
adaptation_discovery_v1,ucc,discovery,jev_joint_ab,generalisation_unfair,210,207,20,20,3,188,189,188,0,0
adaptation_discovery_v1,ucc,discovery,jev_joint_ab,healthy,210,205,97,97,5,110,111,108,0,0
adaptation_discovery_v1,ucc,discovery,jev_joint_ab,hostile,210,203,57,57,7,151,148,151,0,0
adaptation_discovery_v1,ucc,discovery,jev_joint_ab,sarcastic,210,199,77,77,11,127,128,127,0,0
diagnostic_v1,babe,diagnostic,jev_ab_average,label_bias,1000,970,174,174,30,813,809,807,0,0
diagnostic_v1,babe,diagnostic,jev_ab_judge,label_bias,1000,970,174,174,30,813,809,818,0,0
diagnostic_v1,babe,diagnostic,llm_ab_judge,label_bias,1000,962,193,193,38,791,785,792,0,0
diagnostic_v1,conflict,diagnostic,jev_ab_average,rating_OI_content,754,734,252,252,20,490,494,493,1,0
diagnostic_v1,conflict,diagnostic,jev_ab_average,rating_OI_expression,754,739,132,132,15,616,613,618,0,0
diagnostic_v1,conflict,diagnostic,jev_ab_average,rating_directness_content,749,726,80,85,23,656,654,655,0,0
diagnostic_v1,conflict,diagnostic,jev_ab_average,rating_directness_expression,754,725,136,136,29,603,604,598,0,0
diagnostic_v1,conflict,diagnostic,jev_ab_judge,rating_OI_content,754,734,252,252,20,490,494,495,1,0
diagnostic_v1,conflict,diagnostic,jev_ab_judge,rating_OI_expression,754,739,132,132,15,616,613,613,0,0
diagnostic_v1,conflict,diagnostic,jev_ab_judge,rating_directness_content,749,726,80,85,23,656,654,655,0,0
diagnostic_v1,conflict,diagnostic,jev_ab_judge,rating_directness_expression,754,725,136,136,29,603,604,602,0,0
diagnostic_v1,conflict,diagnostic,llm_ab_judge,rating_OI_content,754,721,268,268,33,478,461,470,0,0
diagnostic_v1,conflict,diagnostic,llm_ab_judge,rating_OI_expression,754,737,101,101,17,642,647,642,0,0
diagnostic_v1,conflict,diagnostic,llm_ab_judge,rating_directness_content,749,733,24,24,16,720,714,711,0,0
diagnostic_v1,conflict,diagnostic,llm_ab_judge,rating_directness_expression,754,699,123,123,55,612,595,608,0,0
diagnostic_v1,mbd,diagnostic,jev_ab_average,focus,546,526,67,67,20,467,471,466,0,0
diagnostic_v1,mbd,diagnostic,jev_ab_average,tone,544,528,144,145,16,392,391,389,0,0
diagnostic_v1,mbd,diagnostic,jev_ab_average,type,508,495,103,105,13,395,400,397,0,0
diagnostic_v1,mbd,diagnostic,jev_ab_judge,focus,546,526,67,67,20,467,471,465,0,0
diagnostic_v1,mbd,diagnostic,jev_ab_judge,tone,544,528,144,145,16,392,391,394,0,0
diagnostic_v1,mbd,diagnostic,jev_ab_judge,type,508,495,103,105,13,395,400,399,0,0
diagnostic_v1,mbd,diagnostic,llm_ab_judge,focus,546,531,105,105,15,434,433,437,0,0
diagnostic_v1,mbd,diagnostic,llm_ab_judge,tone,544,516,99,99,28,433,429,430,0,0
diagnostic_v1,mbd,diagnostic,llm_ab_judge,type,508,483,65,71,25,426,429,427,0,0
diagnostic_v1,ucc,diagnostic,jev_ab_average,antagonize,1002,964,365,365,38,623,613,621,0,0
diagnostic_v1,ucc,diagnostic,jev_ab_average,condescending,1002,957,362,362,45,621,614,619,0,1
diagnostic_v1,ucc,diagnostic,jev_ab_average,dismissive,1002,937,380,380,65,560,619,587,0,0
diagnostic_v1,ucc,diagnostic,jev_ab_average,generalisation,1002,978,114,114,24,874,878,878,0,0
diagnostic_v1,ucc,diagnostic,jev_ab_average,generalisation_unfair,1002,970,110,110,32,869,883,878,0,0
diagnostic_v1,ucc,diagnostic,jev_ab_average,healthy,1002,958,416,416,44,561,567,561,0,0
diagnostic_v1,ucc,diagnostic,jev_ab_average,hostile,1002,967,268,268,35,710,723,716,0,0
diagnostic_v1,ucc,diagnostic,jev_ab_average,sarcastic,1002,956,345,345,46,636,632,639,0,0
diagnostic_v1,ucc,diagnostic,jev_ab_judge,antagonize,1002,964,365,365,38,623,613,627,0,0
diagnostic_v1,ucc,diagnostic,jev_ab_judge,condescending,1002,957,362,362,45,621,614,611,0,1
diagnostic_v1,ucc,diagnostic,jev_ab_judge,dismissive,1002,937,380,380,65,560,619,586,0,0
diagnostic_v1,ucc,diagnostic,jev_ab_judge,generalisation,1002,978,114,114,24,874,878,868,0,0
diagnostic_v1,ucc,diagnostic,jev_ab_judge,generalisation_unfair,1002,970,110,110,32,869,883,873,0,0
diagnostic_v1,ucc,diagnostic,jev_ab_judge,healthy,1002,958,416,416,44,561,567,573,0,0
diagnostic_v1,ucc,diagnostic,jev_ab_judge,hostile,1002,967,268,268,35,710,723,717,0,0
diagnostic_v1,ucc,diagnostic,jev_ab_judge,sarcastic,1002,956,345,345,46,636,632,633,0,0
diagnostic_v1,ucc,diagnostic,llm_ab_judge,antagonize,1002,947,186,186,55,779,798,776,0,0
diagnostic_v1,ucc,diagnostic,llm_ab_judge,condescending,1002,950,222,222,52,760,748,737,0,0
diagnostic_v1,ucc,diagnostic,llm_ab_judge,dismissive,1002,947,215,215,55,755,764,746,0,0
diagnostic_v1,ucc,diagnostic,llm_ab_judge,generalisation,1002,974,136,136,28,854,850,847,0,0
diagnostic_v1,ucc,diagnostic,llm_ab_judge,generalisation_unfair,1002,970,115,115,32,872,870,867,0,0
diagnostic_v1,ucc,diagnostic,llm_ab_judge,healthy,1002,949,263,263,53,713,712,707,0,0
diagnostic_v1,ucc,diagnostic,llm_ab_judge,hostile,1002,956,207,207,46,767,777,762,0,0
diagnostic_v1,ucc,diagnostic,llm_ab_judge,sarcastic,1002,963,211,211,39,774,769,761,0,0
