epoch,dataset,split,method,comparator,metric,point_delta,ci_low,ci_high,source_groups,resamples,paired_source_group_resampling,comparison_role,fresh_llm_comparison,speed_comparison,direction,source_query_shared,additional_paid_queries
adaptation_discovery_v1,babe,discovery,jev_joint_ab,llm_full_calibration_examples,macro_f1_delta,-0.02074780802231424,-0.07915683794363526,0.03491759581158458,110,2000,True,,,,,,
adaptation_discovery_v1,babe,discovery,llm_labeled_examples,llm_full_calibration_examples,macro_f1_delta,-0.005235302542430986,-0.031559569830239616,0.020359912820635134,110,2000,True,,,,,,
adaptation_discovery_v1,commonsense,discovery,jev_joint_ab,llm_full_calibration_examples,equal_dimension_normalized_mae_delta,0.014365116675740364,-0.00396259091413147,0.03227996613957581,200,2000,True,,,,,,
adaptation_discovery_v1,commonsense,discovery,llm_labeled_examples,llm_full_calibration_examples,equal_dimension_normalized_mae_delta,0.002557996412445973,-0.006098718286352561,0.010651957549121072,200,2000,True,,,,,,
adaptation_discovery_v1,conflict,discovery,jev_joint_ab,llm_full_calibration_examples,macro_f1_delta,0.009851175477009977,-0.038857147313973356,0.07099967794154567,12,2000,True,,,,,,
adaptation_discovery_v1,conflict,discovery,llm_labeled_examples,llm_full_calibration_examples,macro_f1_delta,-0.016791259112470147,-0.05900424296757196,0.0336869853565307,12,2000,True,,,,,,
adaptation_discovery_v1,mbd,discovery,jev_joint_ab,llm_full_calibration_examples,macro_f1_delta,0.011620701275361522,-0.05375869162999569,0.08721389003587487,5,2000,True,,,,,,
adaptation_discovery_v1,mbd,discovery,llm_labeled_examples,llm_full_calibration_examples,macro_f1_delta,-0.018029898934187716,-0.05416543186917785,0.05020870190296178,5,2000,True,,,,,,
adaptation_discovery_v1,taskmap,discovery,jev_joint_ab,llm_full_calibration_examples,equal_dimension_normalized_mae_delta,0.0037805063871226563,-0.024002966986335035,0.03139922360786821,19,2000,True,,,,,,
adaptation_discovery_v1,taskmap,discovery,llm_labeled_examples,llm_full_calibration_examples,equal_dimension_normalized_mae_delta,-0.008890733557557734,-0.025632667564791895,0.008750727127687707,19,2000,True,,,,,,
adaptation_discovery_v1,ucc,discovery,jev_joint_ab,llm_full_calibration_examples,macro_f1_delta,-0.1031305036848219,-0.13547705949348324,-0.07367831574487915,29,2000,True,,,,,,
adaptation_discovery_v1,ucc,discovery,llm_labeled_examples,llm_full_calibration_examples,macro_f1_delta,-0.016605312153623486,-0.04480840166452875,0.01118362598370712,29,2000,True,,,,,,
cache_prefix_diagnostic_v1,babe,diagnostic,llm_full_examples_cached_prefix,llm_direct_cached_prefix,macro_f1_delta,-0.12365588362722812,-0.17025904799823072,-0.0785945798310139,556,2000,True,,,,,,
cache_prefix_diagnostic_v1,babe,diagnostic,llm_native_cached_prefix,llm_direct_cached_prefix,macro_f1_delta,0.06895985885009814,0.03169324444302857,0.10621081792278864,556,2000,True,,,,,,
cache_prefix_diagnostic_v1,babe,diagnostic,llm_direct_cached_prefix,llm_full_examples_cached_prefix,macro_f1_delta,0.12365588362722812,0.07859457983101371,0.17025904799823066,556,2000,True,,,,,,
cache_prefix_diagnostic_v1,babe,diagnostic,llm_native_cached_prefix,llm_full_examples_cached_prefix,macro_f1_delta,0.19261574247732627,0.1477558565159572,0.23562126349039264,556,2000,True,,,,,,
cache_prefix_diagnostic_v1,babe,diagnostic,llm_direct_cached_prefix,llm_native_cached_prefix,macro_f1_delta,-0.06895985885009814,-0.10621081792278868,-0.0316932444430286,556,2000,True,,,,,,
cache_prefix_diagnostic_v1,babe,diagnostic,llm_full_examples_cached_prefix,llm_native_cached_prefix,macro_f1_delta,-0.19261574247732627,-0.23562126349039267,-0.1477558565159572,556,2000,True,,,,,,
cache_prefix_diagnostic_v1,commonsense,diagnostic,llm_full_examples_cached_prefix,llm_direct_cached_prefix,equal_dimension_normalized_mae_delta,-0.018607594658138715,-0.03374850717072858,-0.004358600269012271,1000,2000,True,,,,,,
cache_prefix_diagnostic_v1,commonsense,diagnostic,llm_native_cached_prefix,llm_direct_cached_prefix,equal_dimension_normalized_mae_delta,-0.008507138548318582,-0.021552236188424067,0.0037807712620822878,1000,2000,True,,,,,,
cache_prefix_diagnostic_v1,commonsense,diagnostic,llm_direct_cached_prefix,llm_full_examples_cached_prefix,equal_dimension_normalized_mae_delta,0.018607594658138715,0.004358600269012261,0.03374850717072858,1000,2000,True,,,,,,
cache_prefix_diagnostic_v1,commonsense,diagnostic,llm_native_cached_prefix,llm_full_examples_cached_prefix,equal_dimension_normalized_mae_delta,0.010100456109820133,-0.004516600054821784,0.024666108283532908,1000,2000,True,,,,,,
cache_prefix_diagnostic_v1,commonsense,diagnostic,llm_direct_cached_prefix,llm_native_cached_prefix,equal_dimension_normalized_mae_delta,0.008507138548318582,-0.0037807712620822878,0.021552236188424057,1000,2000,True,,,,,,
cache_prefix_diagnostic_v1,commonsense,diagnostic,llm_full_examples_cached_prefix,llm_native_cached_prefix,equal_dimension_normalized_mae_delta,-0.010100456109820133,-0.024666108283532915,0.0045166000548217755,1000,2000,True,,,,,,
cache_prefix_diagnostic_v1,conflict,diagnostic,llm_full_examples_cached_prefix,llm_direct_cached_prefix,macro_f1_delta,-0.09032425182198794,-0.15420774802153805,-0.02358267306993916,96,2000,True,,,,,,
cache_prefix_diagnostic_v1,conflict,diagnostic,llm_native_cached_prefix,llm_direct_cached_prefix,macro_f1_delta,-0.02772275452851236,-0.06451813614402357,0.0073695294643379575,96,2000,True,,,,,,
cache_prefix_diagnostic_v1,conflict,diagnostic,llm_direct_cached_prefix,llm_full_examples_cached_prefix,macro_f1_delta,0.09032425182198794,0.023582673069939147,0.15420774802153805,96,2000,True,,,,,,
cache_prefix_diagnostic_v1,conflict,diagnostic,llm_native_cached_prefix,llm_full_examples_cached_prefix,macro_f1_delta,0.06260149729347558,-0.010026279907224767,0.12635727146943626,96,2000,True,,,,,,
cache_prefix_diagnostic_v1,conflict,diagnostic,llm_direct_cached_prefix,llm_native_cached_prefix,macro_f1_delta,0.02772275452851236,-0.007369529464338002,0.06451813614402357,96,2000,True,,,,,,
cache_prefix_diagnostic_v1,conflict,diagnostic,llm_full_examples_cached_prefix,llm_native_cached_prefix,macro_f1_delta,-0.06260149729347558,-0.12635727146943626,0.010026279907224673,96,2000,True,,,,,,
cache_prefix_diagnostic_v1,mbd,diagnostic,llm_full_examples_cached_prefix,llm_direct_cached_prefix,macro_f1_delta,-0.008201507181755718,-0.15818675111298502,0.13518213907053453,15,2000,True,,,,,,
cache_prefix_diagnostic_v1,mbd,diagnostic,llm_native_cached_prefix,llm_direct_cached_prefix,macro_f1_delta,-0.015573890720515626,-0.13669955834829903,0.08728823602346061,15,2000,True,,,,,,
cache_prefix_diagnostic_v1,mbd,diagnostic,llm_direct_cached_prefix,llm_full_examples_cached_prefix,macro_f1_delta,0.008201507181755718,-0.13518213907053456,0.15818675111298502,15,2000,True,,,,,,
cache_prefix_diagnostic_v1,mbd,diagnostic,llm_native_cached_prefix,llm_full_examples_cached_prefix,macro_f1_delta,-0.007372383538759908,-0.19673981109569455,0.14285573669890547,15,2000,True,,,,,,
cache_prefix_diagnostic_v1,mbd,diagnostic,llm_direct_cached_prefix,llm_native_cached_prefix,macro_f1_delta,0.015573890720515626,-0.08728823602346064,0.13669955834829903,15,2000,True,,,,,,
cache_prefix_diagnostic_v1,mbd,diagnostic,llm_full_examples_cached_prefix,llm_native_cached_prefix,macro_f1_delta,0.007372383538759908,-0.14285573669890547,0.19673981109569444,15,2000,True,,,,,,
cache_prefix_diagnostic_v1,ucc,diagnostic,llm_full_examples_cached_prefix,llm_direct_cached_prefix,macro_f1_delta,0.02039690724673132,-0.024684954328324203,0.060458681873314074,150,2000,True,,,,,,
cache_prefix_diagnostic_v1,ucc,diagnostic,llm_native_cached_prefix,llm_direct_cached_prefix,macro_f1_delta,-0.007715548870870226,-0.03727833975807599,0.021424344114302076,150,2000,True,,,,,,
cache_prefix_diagnostic_v1,ucc,diagnostic,llm_direct_cached_prefix,llm_full_examples_cached_prefix,macro_f1_delta,-0.02039690724673132,-0.06045868187331413,0.024684954328324085,150,2000,True,,,,,,
cache_prefix_diagnostic_v1,ucc,diagnostic,llm_native_cached_prefix,llm_full_examples_cached_prefix,macro_f1_delta,-0.028112456117601548,-0.06862538822894391,0.021783725960164254,150,2000,True,,,,,,
cache_prefix_diagnostic_v1,ucc,diagnostic,llm_direct_cached_prefix,llm_native_cached_prefix,macro_f1_delta,0.007715548870870226,-0.021424344114302104,0.03727833975807597,150,2000,True,,,,,,
cache_prefix_diagnostic_v1,ucc,diagnostic,llm_full_examples_cached_prefix,llm_native_cached_prefix,macro_f1_delta,0.028112456117601548,-0.021783725960164296,0.06862538822894387,150,2000,True,,,,,,
calibration_v1,babe,calibration,jev_anchored,llm_direct,macro_f1_delta,-0.1085723257986283,-0.16513138813411793,-0.05511388569248738,103,2000,True,,,,,,
calibration_v1,babe,calibration,jev_compact,llm_direct,macro_f1_delta,-0.11459160092321041,-0.17303881867399706,-0.06153377527417614,103,2000,True,,,,,,
calibration_v1,babe,calibration,jev_verbose,llm_direct,macro_f1_delta,0.005393475559814176,-0.03635094120442434,0.050075828083739136,103,2000,True,,,,,,
calibration_v1,commonsense,calibration,jev_anchored,llm_direct,equal_dimension_normalized_mae_delta,0.013923228023463963,-0.0034726772008457922,0.03249341820309803,200,2000,True,,,,,,
calibration_v1,commonsense,calibration,jev_compact,llm_direct,equal_dimension_normalized_mae_delta,0.014471753927817632,-0.0028461855958032507,0.032348394341439386,200,2000,True,,,,,,
calibration_v1,commonsense,calibration,jev_verbose,llm_direct,equal_dimension_normalized_mae_delta,0.005918682141615339,-0.010573379874965778,0.022959180751122254,200,2000,True,,,,,,
calibration_v1,conflict,calibration,jev_anchored,llm_direct,macro_f1_delta,-0.017138093069378413,-0.04178657639531207,0.008780736213468877,12,2000,True,,,,,,
calibration_v1,conflict,calibration,jev_compact,llm_direct,macro_f1_delta,-0.029486642300817045,-0.06237401216442347,0.006369279382209401,12,2000,True,,,,,,
calibration_v1,conflict,calibration,jev_verbose,llm_direct,macro_f1_delta,0.0015157859864279866,-0.03649526637008728,0.028523698618043363,12,2000,True,,,,,,
calibration_v1,mbd,calibration,jev_anchored,llm_direct,macro_f1_delta,0.01813426488383363,-0.021775290406868653,0.059360138334565216,5,2000,True,,,,,,
calibration_v1,mbd,calibration,jev_compact,llm_direct,macro_f1_delta,0.01758155866831057,-0.024901825961386292,0.053086771898707585,5,2000,True,,,,,,
calibration_v1,mbd,calibration,jev_verbose,llm_direct,macro_f1_delta,0.016389912339620394,-0.02601550849362466,0.05181859350317261,5,2000,True,,,,,,
calibration_v1,taskmap,calibration,jev_anchored,llm_direct,equal_dimension_normalized_mae_delta,-0.01621270707868061,-0.031248321780512612,-0.0009026132088314537,18,2000,True,,,,,,
calibration_v1,taskmap,calibration,jev_compact,llm_direct,equal_dimension_normalized_mae_delta,-0.016439103555549672,-0.03187450992363194,-0.0007421819162663715,18,2000,True,,,,,,
calibration_v1,taskmap,calibration,jev_verbose,llm_direct,equal_dimension_normalized_mae_delta,-0.015718398016602186,-0.02914461845813823,-0.0014043995994529714,18,2000,True,,,,,,
calibration_v1,ucc,calibration,jev_anchored,llm_direct,macro_f1_delta,-0.019370125560257023,-0.045130701089608115,0.010216204418831632,37,2000,True,,,,,,
calibration_v1,ucc,calibration,jev_compact,llm_direct,macro_f1_delta,-0.014817870844299363,-0.0430181360947283,0.01801313546190358,37,2000,True,,,,,,
calibration_v1,ucc,calibration,jev_verbose,llm_direct,macro_f1_delta,-0.010438343613869194,-0.03259100762205353,0.01987765634003663,37,2000,True,,,,,,
diagnostic_v1,babe,diagnostic,jev_ab_average,llm_direct,macro_f1_delta,0.014152876991646024,-0.006758220232130979,0.03467914212327449,556,2000,True,,,,,,
diagnostic_v1,babe,diagnostic,jev_ab_judge,llm_direct,macro_f1_delta,0.025172526656611738,0.005148292789959308,0.04445499841814014,556,2000,True,,,,,,
diagnostic_v1,babe,diagnostic,jev_anchored,llm_direct,macro_f1_delta,-0.009763038678093139,-0.03402464954595891,0.01392146877212739,556,2000,True,,,,,,
diagnostic_v1,babe,diagnostic,jev_boundary,llm_direct,macro_f1_delta,-0.01668556939180743,-0.04291024412530476,0.008612762431504434,556,2000,True,,,,,,
diagnostic_v1,babe,diagnostic,jev_calibrated,llm_direct,macro_f1_delta,0.0002418577491929419,-0.02507705793868648,0.0246162171383194,556,2000,True,,,,,,
diagnostic_v1,babe,diagnostic,jev_compact,llm_direct,macro_f1_delta,-0.014756624700448584,-0.037171077163296595,0.008475709694217754,556,2000,True,,,,,,
diagnostic_v1,babe,diagnostic,jev_verbose,llm_direct,macro_f1_delta,0.017095432414084066,-0.003029671668775216,0.03766723851229958,556,2000,True,,,,,,
diagnostic_v1,babe,diagnostic,llm_ab_judge,llm_direct,macro_f1_delta,-0.0018299529390437552,-0.019921065746281955,0.015566828342128174,556,2000,True,,,,,,
diagnostic_v1,babe,diagnostic,llm_vote5,llm_direct,macro_f1_delta,0.005238458984189065,-0.013111653292962155,0.022629272321667223,556,2000,True,,,,,,
diagnostic_v1,commonsense,diagnostic,jev_ab_average,llm_direct,equal_dimension_normalized_mae_delta,0.00777210145164578,0.00040322018755022674,0.015261288386800274,1000,2000,True,,,,,,
diagnostic_v1,commonsense,diagnostic,jev_ab_judge,llm_direct,equal_dimension_normalized_mae_delta,0.008610987014372767,0.0012033646085507464,0.01600812308949286,1000,2000,True,,,,,,
diagnostic_v1,commonsense,diagnostic,jev_anchored,llm_direct,equal_dimension_normalized_mae_delta,0.01853747427960617,0.010955611144577382,0.025931543734594668,1000,2000,True,,,,,,
diagnostic_v1,commonsense,diagnostic,jev_boundary,llm_direct,equal_dimension_normalized_mae_delta,0.017470125510638396,0.009846811294632558,0.024947068646311164,1000,2000,True,,,,,,
diagnostic_v1,commonsense,diagnostic,jev_calibrated,llm_direct,equal_dimension_normalized_mae_delta,-0.005547042458716178,-0.012328624020366382,0.0016695135346134998,1000,2000,True,,,,,,
diagnostic_v1,commonsense,diagnostic,jev_compact,llm_direct,equal_dimension_normalized_mae_delta,0.017905140366803157,0.010309101388910287,0.025357883598442727,1000,2000,True,,,,,,
diagnostic_v1,commonsense,diagnostic,jev_verbose,llm_direct,equal_dimension_normalized_mae_delta,0.00813685459188726,0.0006221157905699674,0.015642451409231862,1000,2000,True,,,,,,
diagnostic_v1,commonsense,diagnostic,llm_ab_judge,llm_direct,equal_dimension_normalized_mae_delta,-0.0051739136855517565,-0.01025630825374492,-0.0003992908637253316,1000,2000,True,,,,,,
diagnostic_v1,commonsense,diagnostic,llm_vote5,llm_direct,equal_dimension_normalized_mae_delta,-0.007053868107452982,-0.012156595538789144,-0.0020312091942295556,1000,2000,True,,,,,,
diagnostic_v1,conflict,diagnostic,jev_ab_average,llm_direct,macro_f1_delta,0.003773600734142346,-0.012872980519841795,0.019529148822071938,96,2000,True,,,,,,
diagnostic_v1,conflict,diagnostic,jev_ab_judge,llm_direct,macro_f1_delta,0.001970561994906417,-0.01618592556298074,0.01897527294705694,96,2000,True,,,,,,
diagnostic_v1,conflict,diagnostic,jev_anchored,llm_direct,macro_f1_delta,-0.03858167468823587,-0.059875889614581373,-0.016565512588569926,96,2000,True,,,,,,
diagnostic_v1,conflict,diagnostic,jev_boundary,llm_direct,macro_f1_delta,-0.036940132545186466,-0.05942247494863018,-0.013697013771415531,96,2000,True,,,,,,
diagnostic_v1,conflict,diagnostic,jev_calibrated,llm_direct,macro_f1_delta,0.015392385292470223,-0.016393549243046958,0.04698000993472835,96,2000,True,,,,,,
diagnostic_v1,conflict,diagnostic,jev_compact,llm_direct,macro_f1_delta,-0.039949645073487416,-0.06274104441948164,-0.01744549529482073,96,2000,True,,,,,,
diagnostic_v1,conflict,diagnostic,jev_verbose,llm_direct,macro_f1_delta,0.003219146592816635,-0.014079271708534116,0.020038777319346248,96,2000,True,,,,,,
diagnostic_v1,conflict,diagnostic,llm_ab_judge,llm_direct,macro_f1_delta,0.005256384162477534,-0.009132270570236365,0.0206717313409966,96,2000,True,,,,,,
diagnostic_v1,conflict,diagnostic,llm_vote5,llm_direct,macro_f1_delta,-0.004592323285609767,-0.01583230146056005,0.005479958541851409,96,2000,True,,,,,,
diagnostic_v1,mbd,diagnostic,jev_ab_average,llm_direct,macro_f1_delta,0.009588765639718999,-0.023840359365384915,0.04805924177945172,15,2000,True,,,,,,
diagnostic_v1,mbd,diagnostic,jev_ab_judge,llm_direct,macro_f1_delta,0.020001338840356597,-0.011632620714999334,0.058963430597481166,15,2000,True,,,,,,
diagnostic_v1,mbd,diagnostic,jev_anchored,llm_direct,macro_f1_delta,-0.0033973039083454726,-0.03610440422558474,0.03239707960767772,15,2000,True,,,,,,
diagnostic_v1,mbd,diagnostic,jev_boundary,llm_direct,macro_f1_delta,-0.007323544312667907,-0.034848888956088994,0.0207163154574919,15,2000,True,,,,,,
diagnostic_v1,mbd,diagnostic,jev_calibrated,llm_direct,macro_f1_delta,0.017921228901991437,-0.0186705335677593,0.0512068449134579,15,2000,True,,,,,,
diagnostic_v1,mbd,diagnostic,jev_compact,llm_direct,macro_f1_delta,0.00041318762564857003,-0.0323507481786375,0.035367700311456196,15,2000,True,,,,,,
diagnostic_v1,mbd,diagnostic,jev_verbose,llm_direct,macro_f1_delta,0.01675169006146393,-0.017670080796467064,0.05991601066657671,15,2000,True,,,,,,
diagnostic_v1,mbd,diagnostic,llm_ab_judge,llm_direct,macro_f1_delta,0.03929504542145179,0.01339715906882453,0.07128460889851235,15,2000,True,,,,,,
diagnostic_v1,mbd,diagnostic,llm_vote5,llm_direct,macro_f1_delta,0.039726995285154,0.00705240100640746,0.07766169458884126,15,2000,True,,,,,,
diagnostic_v1,ucc,diagnostic,jev_ab_average,llm_direct,macro_f1_delta,-0.05938304122046095,-0.0706898262827105,-0.046824120112660995,150,2000,True,,,,,,
diagnostic_v1,ucc,diagnostic,jev_ab_judge,llm_direct,macro_f1_delta,-0.059329034543454506,-0.07057196719010592,-0.0467492179470285,150,2000,True,,,,,,
diagnostic_v1,ucc,diagnostic,jev_anchored,llm_direct,macro_f1_delta,-0.06817284444752153,-0.0838188201217915,-0.05184100481055931,150,2000,True,,,,,,
diagnostic_v1,ucc,diagnostic,jev_boundary,llm_direct,macro_f1_delta,-0.06338334067450163,-0.08034538164943661,-0.04615297895782203,150,2000,True,,,,,,
diagnostic_v1,ucc,diagnostic,jev_calibrated,llm_direct,macro_f1_delta,-0.027625933515842305,-0.04722390307256287,-0.006164265777426429,150,2000,True,,,,,,
diagnostic_v1,ucc,diagnostic,jev_compact,llm_direct,macro_f1_delta,-0.0700747745616146,-0.0855428906009256,-0.053245858367082205,150,2000,True,,,,,,
diagnostic_v1,ucc,diagnostic,jev_verbose,llm_direct,macro_f1_delta,-0.06265069757433867,-0.07364097285108506,-0.05080156678040618,150,2000,True,,,,,,
diagnostic_v1,ucc,diagnostic,llm_ab_judge,llm_direct,macro_f1_delta,0.0009658485423327257,-0.008022509199883055,0.01046615235243092,150,2000,True,,,,,,
diagnostic_v1,ucc,diagnostic,llm_vote5,llm_direct,macro_f1_delta,0.004432629959332024,-0.00457536555140417,0.014063108141653754,150,2000,True,,,,,,
discovery_taskmap_v4,taskmap,discovery,jev_anchored,llm_direct,equal_dimension_normalized_mae_delta,0.006837949574055424,-0.009775389800437635,0.021670996771854228,19,2000,True,,,,,,
discovery_taskmap_v4,taskmap,discovery,jev_compact,llm_direct,equal_dimension_normalized_mae_delta,0.007523290697959872,-0.008129623859334687,0.02100699165517521,19,2000,True,,,,,,
discovery_taskmap_v4,taskmap,discovery,jev_verbose,llm_direct,equal_dimension_normalized_mae_delta,0.004731541174641363,-0.010243048386131147,0.017046663143509257,19,2000,True,,,,,,
discovery_v1,babe,discovery,jev_anchored,llm_direct,macro_f1_delta,-0.8704453441295547,-0.9684729064039409,-0.7380116959064327,32,2000,True,,,,,,
discovery_v1,babe,discovery,jev_compact,llm_direct,macro_f1_delta,-0.8704453441295547,-0.9684729064039409,-0.7380116959064327,32,2000,True,,,,,,
discovery_v1,babe,discovery,jev_verbose,llm_direct,macro_f1_delta,-0.8704453441295547,-0.9684729064039409,-0.7380116959064327,32,2000,True,,,,,,
discovery_v1,conflict,discovery,jev_anchored,llm_direct,macro_f1_delta,-0.4655689233799166,-0.50827260259122,-0.4063131373204082,12,2000,True,,,,,,
discovery_v1,conflict,discovery,jev_compact,llm_direct,macro_f1_delta,-0.4655689233799166,-0.50827260259122,-0.4063131373204082,12,2000,True,,,,,,
discovery_v1,conflict,discovery,jev_verbose,llm_direct,macro_f1_delta,-0.4655689233799166,-0.50827260259122,-0.4063131373204082,12,2000,True,,,,,,
discovery_v1,mbd,discovery,jev_anchored,llm_direct,macro_f1_delta,-0.35629629629629633,-0.35629629629629633,-0.35629629629629633,1,2000,True,,,,,,
discovery_v1,mbd,discovery,jev_compact,llm_direct,macro_f1_delta,-0.35629629629629633,-0.35629629629629633,-0.35629629629629633,1,2000,True,,,,,,
discovery_v1,mbd,discovery,jev_verbose,llm_direct,macro_f1_delta,-0.35629629629629633,-0.35629629629629633,-0.35629629629629633,1,2000,True,,,,,,
discovery_v2,babe,discovery,jev_anchored,llm_direct,macro_f1_delta,-0.00979463592891594,-0.07130539534739946,0.046797483824433384,110,2000,True,,,,,,
discovery_v2,babe,discovery,jev_compact,llm_direct,macro_f1_delta,-0.0394608574384393,-0.10044395189229582,0.014176242564317688,110,2000,True,,,,,,
discovery_v2,babe,discovery,jev_verbose,llm_direct,macro_f1_delta,0.020084858527277705,-0.026075362337631598,0.06765462335501526,110,2000,True,,,,,,
discovery_v2,commonsense,discovery,jev_anchored,llm_direct,equal_dimension_normalized_mae_delta,-0.0005166151613291148,-0.01675219793694789,0.015367477327815831,200,2000,True,,,,,,
discovery_v2,commonsense,discovery,jev_compact,llm_direct,equal_dimension_normalized_mae_delta,0.0003729452782313125,-0.01654457997769848,0.01650779971087899,200,2000,True,,,,,,
discovery_v2,commonsense,discovery,jev_verbose,llm_direct,equal_dimension_normalized_mae_delta,-0.0015841206092235272,-0.018730234931260532,0.014969664460072614,200,2000,True,,,,,,
discovery_v2,conflict,discovery,jev_anchored,llm_direct,macro_f1_delta,-0.04583306624923511,-0.10613134916446293,0.017450126063897398,12,2000,True,,,,,,
discovery_v2,conflict,discovery,jev_compact,llm_direct,macro_f1_delta,-0.03875741705946939,-0.1008465697850304,0.023320381564253645,12,2000,True,,,,,,
discovery_v2,conflict,discovery,jev_verbose,llm_direct,macro_f1_delta,0.008738712745639199,-0.029313316514441235,0.05120679490848226,12,2000,True,,,,,,
discovery_v2,mbd,discovery,jev_anchored,llm_direct,macro_f1_delta,-0.13513368755719313,-0.3468789210798656,0.02161641336481701,5,2000,True,,,,,,
discovery_v2,mbd,discovery,jev_compact,llm_direct,macro_f1_delta,-0.13741463173233814,-0.3555928771292171,0.01461252166537863,5,2000,True,,,,,,
discovery_v2,mbd,discovery,jev_verbose,llm_direct,macro_f1_delta,-0.1469276164106702,-0.347067082650404,0.002056707390369561,5,2000,True,,,,,,
discovery_v2,ucc,discovery,jev_anchored,llm_direct,macro_f1_delta,-0.06856496535356421,-0.11004553490914391,-0.03636845200804655,29,2000,True,,,,,,
discovery_v2,ucc,discovery,jev_compact,llm_direct,macro_f1_delta,-0.057680374738333706,-0.09385139169944923,-0.029728560375161032,29,2000,True,,,,,,
discovery_v2,ucc,discovery,jev_verbose,llm_direct,macro_f1_delta,-0.05474885377758021,-0.0831388050047198,-0.03543582645846545,29,2000,True,,,,,,
discovery_v3,babe,discovery,jev_anchored,llm_direct,macro_f1_delta,-0.01436179961226991,-0.0718354018076014,0.03860214993248824,110,2000,True,,,,,,
discovery_v3,babe,discovery,jev_compact,llm_direct,macro_f1_delta,-0.029448592413784058,-0.09086393821983725,0.026053713790630345,110,2000,True,,,,,,
discovery_v3,babe,discovery,jev_verbose,llm_direct,macro_f1_delta,0.014941027559860598,-0.028959564435600077,0.060939515392493634,110,2000,True,,,,,,
discovery_v3,commonsense,discovery,jev_anchored,llm_direct,equal_dimension_normalized_mae_delta,-0.00389724199686195,-0.02162837330819863,0.012649481459570146,200,2000,True,,,,,,
discovery_v3,commonsense,discovery,jev_compact,llm_direct,equal_dimension_normalized_mae_delta,-0.002037417406002884,-0.01965633419030373,0.015159813998334985,200,2000,True,,,,,,
discovery_v3,commonsense,discovery,jev_verbose,llm_direct,equal_dimension_normalized_mae_delta,-0.00520839717308097,-0.024028538252564464,0.012532379292409848,200,2000,True,,,,,,
discovery_v3,conflict,discovery,jev_anchored,llm_direct,macro_f1_delta,-0.029968612885182377,-0.09209791128248997,0.030612457347749648,12,2000,True,,,,,,
discovery_v3,conflict,discovery,jev_compact,llm_direct,macro_f1_delta,-0.03776926409346665,-0.09869984129652982,0.02305560741573982,12,2000,True,,,,,,
discovery_v3,conflict,discovery,jev_verbose,llm_direct,macro_f1_delta,0.012223775693188443,-0.024456389020621312,0.05114306378646718,12,2000,True,,,,,,
discovery_v3,mbd,discovery,jev_anchored,llm_direct,macro_f1_delta,0.00400803193483612,-0.057956431684441756,0.055005745237060366,5,2000,True,,,,,,
discovery_v3,mbd,discovery,jev_compact,llm_direct,macro_f1_delta,-0.003827773289914904,-0.055981623143589454,0.04529695101162923,5,2000,True,,,,,,
discovery_v3,mbd,discovery,jev_verbose,llm_direct,macro_f1_delta,0.0034529154359284053,-0.06562064230208053,0.059460664004519215,5,2000,True,,,,,,
discovery_v3,taskmap,discovery,jev_anchored,llm_direct,equal_dimension_normalized_mae_delta,0.005815122055008642,-0.014031838128789916,0.0215465108347859,19,2000,True,,,,,,
discovery_v3,taskmap,discovery,jev_compact,llm_direct,equal_dimension_normalized_mae_delta,0.005858317989508921,-0.014278772847223774,0.022058775517244993,19,2000,True,,,,,,
discovery_v3,ucc,discovery,jev_anchored,llm_direct,macro_f1_delta,-0.06438364788000861,-0.0948559976559696,-0.03524852420636937,29,2000,True,,,,,,
discovery_v3,ucc,discovery,jev_compact,llm_direct,macro_f1_delta,-0.059267231463179915,-0.08844727622958176,-0.030915005054137586,29,2000,True,,,,,,
discovery_v3,ucc,discovery,jev_verbose,llm_direct,macro_f1_delta,-0.055798000430593686,-0.08731219122384787,-0.03385841618074198,29,2000,True,,,,,,
grounded_calibration_v1,babe,calibration,jev_grounded,llm_grounded,macro_f1_delta,-0.08426598905581706,-0.1369177482734561,-0.035292131052972936,103,2000,True,,,,,,
grounded_calibration_v1,commonsense,calibration,jev_grounded,llm_grounded,equal_dimension_normalized_mae_delta,0.01651605885686372,-0.0012998053592434096,0.03401710504013055,200,2000,True,,,,,,
grounded_calibration_v1,conflict,calibration,jev_grounded,llm_grounded,macro_f1_delta,-0.019211715557212905,-0.0505102220353765,0.011088575724517777,12,2000,True,,,,,,
grounded_calibration_v1,mbd,calibration,jev_grounded,llm_grounded,macro_f1_delta,-0.021621002340075246,-0.07361633116379211,0.008380761301525985,5,2000,True,,,,,,
grounded_calibration_v1,taskmap,calibration,jev_grounded,llm_grounded,equal_dimension_normalized_mae_delta,-0.012870572842406502,-0.02625287019287986,0.001557041387577074,18,2000,True,,,,,,
grounded_calibration_v1,ucc,calibration,jev_grounded,llm_grounded,macro_f1_delta,-0.017754855905803668,-0.048960497617078644,0.0152404385308305,37,2000,True,,,,,,
grounded_discovery_v1,babe,discovery,jev_grounded,llm_grounded,macro_f1_delta,-0.044078987511695145,-0.09700115309095915,0.006581244033649796,110,2000,True,,,,,,
grounded_discovery_v1,commonsense,discovery,jev_grounded,llm_grounded,equal_dimension_normalized_mae_delta,-0.007310799668135998,-0.02579103453597166,0.010406015947700402,200,2000,True,,,,,,
grounded_discovery_v1,conflict,discovery,jev_grounded,llm_grounded,macro_f1_delta,-0.024027304466666732,-0.08202765068504998,0.03012176992823356,12,2000,True,,,,,,
grounded_discovery_v1,mbd,discovery,jev_grounded,llm_grounded,macro_f1_delta,-0.032167698684826274,-0.11752985932919535,0.030579343445178542,5,2000,True,,,,,,
grounded_discovery_v1,taskmap,discovery,jev_grounded,llm_grounded,equal_dimension_normalized_mae_delta,0.003826128691724162,-0.011695221340858583,0.01721024414990864,19,2000,True,,,,,,
grounded_discovery_v1,ucc,discovery,jev_grounded,llm_grounded,macro_f1_delta,-0.05991602961519915,-0.09448263369973019,-0.027891205837335044,29,2000,True,,,,,,
native_calibration_v1,babe,calibration,jev_native,llm_native,macro_f1_delta,0.004869466029608915,-0.03800159714371708,0.047285200446691954,103,2000,True,,,,,,
native_calibration_v1,commonsense,calibration,jev_native,llm_native,equal_dimension_normalized_mae_delta,0.01862634409975797,0.005228858644131549,0.03245747122563747,200,2000,True,,,,,,
native_calibration_v1,conflict,calibration,jev_native,llm_native,macro_f1_delta,-0.02552732610993058,-0.06090620346453775,0.0037395688573434085,12,2000,True,,,,,,
native_calibration_v1,mbd,calibration,jev_native,llm_native,macro_f1_delta,-0.02203286667429305,-0.040936289207942976,0.009218651194203564,5,2000,True,,,,,,
native_calibration_v1,taskmap,calibration,jev_native,llm_native,equal_dimension_normalized_mae_delta,0.007814198403990447,-0.008718749801006558,0.022906035683305844,18,2000,True,,,,,,
native_calibration_v1,ucc,calibration,jev_native,llm_native,macro_f1_delta,-0.03469904569099869,-0.051652120956452933,-0.014493371990366388,37,2000,True,,,,,,
native_diagnostic_v1,babe,diagnostic,jev_native,llm_native,macro_f1_delta,0.016887081357413902,-0.003431226711513188,0.03703452302379577,556,2000,True,,,,,,
native_diagnostic_v1,babe,diagnostic,jev_threshold_calibrated,llm_native,macro_f1_delta,0.01007891576599762,-0.011934598142512765,0.031847339358361926,556,2000,True,,,,,,
native_diagnostic_v1,commonsense,diagnostic,jev_native,llm_native,equal_dimension_normalized_mae_delta,0.012709302673732215,0.0048434834543073756,0.02028542279324176,1000,2000,True,,,,,,
native_diagnostic_v1,commonsense,diagnostic,jev_threshold_calibrated,llm_native,equal_dimension_normalized_mae_delta,-0.0019140486917359478,-0.008775372655618684,0.005127803583071498,1000,2000,True,,,,,,
native_diagnostic_v1,conflict,diagnostic,jev_native,llm_native,macro_f1_delta,0.0017864806654832588,-0.014059081583700086,0.01853457927838505,96,2000,True,,,,,,
native_diagnostic_v1,conflict,diagnostic,jev_threshold_calibrated,llm_native,macro_f1_delta,0.03174880317652873,0.013176310259124783,0.05094638283332298,96,2000,True,,,,,,
native_diagnostic_v1,mbd,diagnostic,jev_native,llm_native,macro_f1_delta,-0.01804477845581076,-0.047349632109770286,0.014317353763015458,15,2000,True,,,,,,
native_diagnostic_v1,mbd,diagnostic,jev_threshold_calibrated,llm_native,macro_f1_delta,-0.015316412411981783,-0.0573738468113583,0.026764012074347584,15,2000,True,,,,,,
native_diagnostic_v1,ucc,diagnostic,jev_native,llm_native,macro_f1_delta,-0.058764642661555955,-0.06899471154029842,-0.04881011743849997,150,2000,True,,,,,,
native_diagnostic_v1,ucc,diagnostic,jev_threshold_calibrated,llm_native,macro_f1_delta,0.01228454549910063,-0.006949786152307583,0.03071467805688394,150,2000,True,,,,,,
native_discovery_v1,babe,discovery,jev_native,llm_native,macro_f1_delta,0.01640312902398089,-0.021298091219417434,0.05690778211016615,110,2000,True,,,,,,
native_discovery_v1,commonsense,discovery,jev_native,llm_native,equal_dimension_normalized_mae_delta,0.00890616290647911,-0.007155251179461854,0.02472455440659876,200,2000,True,,,,,,
native_discovery_v1,conflict,discovery,jev_native,llm_native,macro_f1_delta,-0.008906747113866298,-0.06788360447356194,0.05312424793048403,12,2000,True,,,,,,
native_discovery_v1,mbd,discovery,jev_native,llm_native,macro_f1_delta,-0.009272526081806731,-0.08760376935165481,0.037653919532964375,5,2000,True,,,,,,
native_discovery_v1,taskmap,discovery,jev_native,llm_native,equal_dimension_normalized_mae_delta,0.003136445060925225,-0.015780103216022554,0.01742480533424549,19,2000,True,,,,,,
native_discovery_v1,ucc,discovery,jev_native,llm_native,macro_f1_delta,-0.047379691786552824,-0.07075033338224634,-0.02859367342944963,29,2000,True,,,,,,
smoke_taskmap_v3,taskmap,discovery,jev_compact,llm_direct,equal_dimension_normalized_mae_delta,0.007192769766751539,-0.011788037136146803,0.024513869422380347,11,2000,True,,,,,,
strengthening_diagnostic_v1,babe,diagnostic,jev_grounded,llm_full_calibration_examples,macro_f1_delta,-0.021101327086192834,-0.0448358507245664,0.002100251722058215,556,2000,True,,,,,,
strengthening_diagnostic_v1,babe,diagnostic,jev_threshold_calibrated,llm_full_calibration_examples,macro_f1_delta,-0.06121854153243056,-0.08736841078699191,-0.035115563579788775,556,2000,True,,,,,,
strengthening_diagnostic_v1,babe,diagnostic,llm_grounded,llm_full_calibration_examples,macro_f1_delta,-0.01627493847288286,-0.034221673898793256,0.000790212247476649,556,2000,True,,,,,,
strengthening_diagnostic_v1,babe,diagnostic,llm_labeled_examples,llm_full_calibration_examples,macro_f1_delta,-0.004985081333495511,-0.01742747349857317,0.007557729769758617,556,2000,True,,,,,,
strengthening_diagnostic_v1,babe,diagnostic,jev_grounded,llm_grounded,macro_f1_delta,-0.004826388613309973,-0.02849174522929234,0.018763804289003753,556,2000,True,,,,,,
strengthening_diagnostic_v1,babe,diagnostic,jev_threshold_calibrated,llm_grounded,macro_f1_delta,-0.0449436030595477,-0.07431557945021078,-0.013592441025527676,556,2000,True,,,,,,
strengthening_diagnostic_v1,babe,diagnostic,llm_full_calibration_examples,llm_grounded,macro_f1_delta,0.01627493847288286,-0.0007902122474766735,0.03422167389879325,556,2000,True,,,,,,
strengthening_diagnostic_v1,babe,diagnostic,llm_labeled_examples,llm_grounded,macro_f1_delta,0.01128985713938735,-0.005728124546558016,0.02741636368811266,556,2000,True,,,,,,
strengthening_diagnostic_v1,commonsense,diagnostic,jev_grounded,llm_full_calibration_examples,equal_dimension_normalized_mae_delta,0.032968403238541305,0.02568669586203689,0.04044788626486087,1000,2000,True,,,,,,
strengthening_diagnostic_v1,commonsense,diagnostic,jev_threshold_calibrated,llm_full_calibration_examples,equal_dimension_normalized_mae_delta,0.015184818079808732,0.008358825558368336,0.022049820294035717,1000,2000,True,,,,,,
strengthening_diagnostic_v1,commonsense,diagnostic,llm_grounded,llm_full_calibration_examples,equal_dimension_normalized_mae_delta,0.014481183461944713,0.008382119543716971,0.020550243134063746,1000,2000,True,,,,,,
strengthening_diagnostic_v1,commonsense,diagnostic,llm_labeled_examples,llm_full_calibration_examples,equal_dimension_normalized_mae_delta,0.006161730212334987,0.0021692261435752843,0.010171441122473025,1000,2000,True,,,,,,
strengthening_diagnostic_v1,commonsense,diagnostic,jev_grounded,llm_grounded,equal_dimension_normalized_mae_delta,0.018487219776596592,0.01063591995840391,0.026771956579803594,1000,2000,True,,,,,,
strengthening_diagnostic_v1,commonsense,diagnostic,jev_threshold_calibrated,llm_grounded,equal_dimension_normalized_mae_delta,0.0007036346178640185,-0.006254608412656887,0.007754528977314719,1000,2000,True,,,,,,
strengthening_diagnostic_v1,commonsense,diagnostic,llm_full_calibration_examples,llm_grounded,equal_dimension_normalized_mae_delta,-0.014481183461944713,-0.020550243134063752,-0.008382119543716973,1000,2000,True,,,,,,
strengthening_diagnostic_v1,commonsense,diagnostic,llm_labeled_examples,llm_grounded,equal_dimension_normalized_mae_delta,-0.008319453249609726,-0.013972756618159294,-0.0028639619166417854,1000,2000,True,,,,,,
strengthening_diagnostic_v1,conflict,diagnostic,jev_grounded,llm_full_calibration_examples,macro_f1_delta,-0.07470950906925516,-0.10850186619058659,-0.039321060331671695,96,2000,True,,,,,,
strengthening_diagnostic_v1,conflict,diagnostic,jev_threshold_calibrated,llm_full_calibration_examples,macro_f1_delta,-0.030127403333053082,-0.06052522842237519,0.002176701748809385,96,2000,True,,,,,,
strengthening_diagnostic_v1,conflict,diagnostic,llm_grounded,llm_full_calibration_examples,macro_f1_delta,-0.03940717435235297,-0.06598873839055001,-0.012559962687796713,96,2000,True,,,,,,
strengthening_diagnostic_v1,conflict,diagnostic,llm_labeled_examples,llm_full_calibration_examples,macro_f1_delta,-0.01583221560767356,-0.035666997563745674,0.005045321506666265,96,2000,True,,,,,,
strengthening_diagnostic_v1,conflict,diagnostic,jev_grounded,llm_grounded,macro_f1_delta,-0.035302334716902195,-0.05695171926715286,-0.010739756982758388,96,2000,True,,,,,,
strengthening_diagnostic_v1,conflict,diagnostic,jev_threshold_calibrated,llm_grounded,macro_f1_delta,0.009279771019299887,-0.015249563373221527,0.036902305624768254,96,2000,True,,,,,,
strengthening_diagnostic_v1,conflict,diagnostic,llm_full_calibration_examples,llm_grounded,macro_f1_delta,0.03940717435235297,0.012559962687796702,0.06598873839054999,96,2000,True,,,,,,
strengthening_diagnostic_v1,conflict,diagnostic,llm_labeled_examples,llm_grounded,macro_f1_delta,0.02357495874467941,0.006828923459563707,0.04033401753226961,96,2000,True,,,,,,
strengthening_diagnostic_v1,mbd,diagnostic,jev_grounded,llm_full_calibration_examples,macro_f1_delta,0.013286885553173033,-0.020355864784480822,0.058959531878236486,15,2000,True,,,,,,
strengthening_diagnostic_v1,mbd,diagnostic,jev_threshold_calibrated,llm_full_calibration_examples,macro_f1_delta,0.011211530932263458,-0.02298311349972647,0.05675269087093038,15,2000,True,,,,,,
strengthening_diagnostic_v1,mbd,diagnostic,llm_grounded,llm_full_calibration_examples,macro_f1_delta,0.01652891361500508,-0.009106975019837519,0.06088909220846879,15,2000,True,,,,,,
strengthening_diagnostic_v1,mbd,diagnostic,llm_labeled_examples,llm_full_calibration_examples,macro_f1_delta,0.006558527551661197,-0.015314399727725414,0.047129800786071256,15,2000,True,,,,,,
strengthening_diagnostic_v1,mbd,diagnostic,jev_grounded,llm_grounded,macro_f1_delta,-0.0032420280618320474,-0.037483823776233265,0.027566867784435324,15,2000,True,,,,,,
strengthening_diagnostic_v1,mbd,diagnostic,jev_threshold_calibrated,llm_grounded,macro_f1_delta,-0.005317382682741623,-0.03841159976704307,0.021710827550070578,15,2000,True,,,,,,
strengthening_diagnostic_v1,mbd,diagnostic,llm_full_calibration_examples,llm_grounded,macro_f1_delta,-0.01652891361500508,-0.06088909220846881,0.009106975019837515,15,2000,True,,,,,,
strengthening_diagnostic_v1,mbd,diagnostic,llm_labeled_examples,llm_grounded,macro_f1_delta,-0.009970386063343883,-0.026645638972400635,0.0066935825897453324,15,2000,True,,,,,,
strengthening_diagnostic_v1,ucc,diagnostic,jev_grounded,llm_full_calibration_examples,macro_f1_delta,-0.13527000971423586,-0.16289226180705285,-0.10610525329066338,150,2000,True,,,,,,
strengthening_diagnostic_v1,ucc,diagnostic,jev_threshold_calibrated,llm_full_calibration_examples,macro_f1_delta,-0.026826327629524527,-0.055272327222748684,0.00022889771221913527,150,2000,True,,,,,,
strengthening_diagnostic_v1,ucc,diagnostic,llm_grounded,llm_full_calibration_examples,macro_f1_delta,-0.060576335286017136,-0.0860934317127001,-0.033339492559210614,150,2000,True,,,,,,
strengthening_diagnostic_v1,ucc,diagnostic,llm_labeled_examples,llm_full_calibration_examples,macro_f1_delta,-0.015458365425728982,-0.03865571952066493,0.009045070647179947,150,2000,True,,,,,,
strengthening_diagnostic_v1,ucc,diagnostic,jev_grounded,llm_grounded,macro_f1_delta,-0.07469367442821873,-0.09357492050598848,-0.0556836073811199,150,2000,True,,,,,,
strengthening_diagnostic_v1,ucc,diagnostic,jev_threshold_calibrated,llm_grounded,macro_f1_delta,0.03375000765649261,0.006035469591368256,0.06286127432799049,150,2000,True,,,,,,
strengthening_diagnostic_v1,ucc,diagnostic,llm_full_calibration_examples,llm_grounded,macro_f1_delta,0.060576335286017136,0.03333949255921058,0.08609343171270009,150,2000,True,,,,,,
strengthening_diagnostic_v1,ucc,diagnostic,llm_labeled_examples,llm_grounded,macro_f1_delta,0.045117969860288154,0.028260895420957045,0.05989621373440977,150,2000,True,,,,,,
confirmation_jev_v1,ucc,confirmation,jev_threshold_calibrated,jev_native,original_class_macro_f1_delta,0.06118252856408729,0.04105745442567451,0.07868582837589118,148,2000,True,same_frozen_raw_queries_with_or_without_supervised_decoder,False,False,positive improves,True,0
confirmation_jev_v1,commonsense,confirmation,jev_threshold_calibrated,jev_native,rater_fraction_mae_delta,-0.01153801520566261,-0.015774545562302636,-0.0067334378417065665,1000,2000,True,same_frozen_raw_queries_with_or_without_supervised_decoder,False,False,negative improves,True,0
confirmation_jev_v1,taskmap,confirmation,jev_threshold_calibrated,jev_native,rater_fraction_mae_delta,-0.029783104297715773,-0.03630862761884841,-0.023394778075230636,59,2000,True,same_frozen_raw_queries_with_or_without_supervised_decoder,False,False,negative improves,True,0
confirmation_jev_v1,taskmap,confirmation,jev_threshold_calibrated,jev_native,normalized_original_rating_mae_delta,-0.05888533315003906,-0.07240703979239056,-0.04547775075762495,59,2000,True,same_frozen_raw_queries_with_or_without_supervised_decoder,False,False,negative improves,True,0
