epoch,dataset,split,method,comparator,metric,point_delta,ci_low,ci_high,source_groups,resamples,paired_source_group_resampling
calibration_v1,babe,calibration,jev_anchored,llm_direct,macro_f1_delta,-0.1085723257986283,-0.16513138813411793,-0.05511388569248738,103,2000,True
calibration_v1,babe,calibration,jev_compact,llm_direct,macro_f1_delta,-0.11459160092321041,-0.17303881867399706,-0.06153377527417614,103,2000,True
calibration_v1,babe,calibration,jev_verbose,llm_direct,macro_f1_delta,0.005393475559814176,-0.03635094120442434,0.050075828083739136,103,2000,True
calibration_v1,commonsense,calibration,jev_anchored,llm_direct,equal_dimension_normalized_mae_delta,0.013923228023463963,-0.0034726772008457922,0.03249341820309803,200,2000,True
calibration_v1,commonsense,calibration,jev_compact,llm_direct,equal_dimension_normalized_mae_delta,0.014471753927817632,-0.0028461855958032507,0.032348394341439386,200,2000,True
calibration_v1,commonsense,calibration,jev_verbose,llm_direct,equal_dimension_normalized_mae_delta,0.005918682141615339,-0.010573379874965778,0.022959180751122254,200,2000,True
calibration_v1,conflict,calibration,jev_anchored,llm_direct,macro_f1_delta,-0.017138093069378413,-0.04178657639531207,0.008780736213468877,12,2000,True
calibration_v1,conflict,calibration,jev_compact,llm_direct,macro_f1_delta,-0.029486642300817045,-0.06237401216442347,0.006369279382209401,12,2000,True
calibration_v1,conflict,calibration,jev_verbose,llm_direct,macro_f1_delta,0.0015157859864279866,-0.03649526637008728,0.028523698618043363,12,2000,True
calibration_v1,mbd,calibration,jev_anchored,llm_direct,macro_f1_delta,0.01813426488383363,-0.021775290406868653,0.059360138334565216,5,2000,True
calibration_v1,mbd,calibration,jev_compact,llm_direct,macro_f1_delta,0.01758155866831057,-0.024901825961386292,0.053086771898707585,5,2000,True
calibration_v1,mbd,calibration,jev_verbose,llm_direct,macro_f1_delta,0.016389912339620394,-0.02601550849362466,0.05181859350317261,5,2000,True
calibration_v1,taskmap,calibration,jev_anchored,llm_direct,equal_dimension_normalized_mae_delta,-0.01621270707868061,-0.031248321780512612,-0.0009026132088314537,18,2000,True
calibration_v1,taskmap,calibration,jev_compact,llm_direct,equal_dimension_normalized_mae_delta,-0.016439103555549672,-0.03187450992363194,-0.0007421819162663715,18,2000,True
calibration_v1,taskmap,calibration,jev_verbose,llm_direct,equal_dimension_normalized_mae_delta,-0.015718398016602186,-0.02914461845813823,-0.0014043995994529714,18,2000,True
calibration_v1,ucc,calibration,jev_anchored,llm_direct,macro_f1_delta,-0.019370125560257023,-0.045130701089608115,0.010216204418831632,37,2000,True
calibration_v1,ucc,calibration,jev_compact,llm_direct,macro_f1_delta,-0.014817870844299363,-0.0430181360947283,0.01801313546190358,37,2000,True
calibration_v1,ucc,calibration,jev_verbose,llm_direct,macro_f1_delta,-0.010438343613869194,-0.03259100762205353,0.01987765634003663,37,2000,True
diagnostic_v1,babe,diagnostic,jev_ab_average,llm_direct,macro_f1_delta,0.014152876991646024,-0.006758220232130979,0.03467914212327449,556,2000,True
diagnostic_v1,babe,diagnostic,jev_ab_judge,llm_direct,macro_f1_delta,0.025172526656611738,0.005148292789959308,0.04445499841814014,556,2000,True
diagnostic_v1,babe,diagnostic,jev_anchored,llm_direct,macro_f1_delta,-0.009763038678093139,-0.03402464954595891,0.01392146877212739,556,2000,True
diagnostic_v1,babe,diagnostic,jev_boundary,llm_direct,macro_f1_delta,-0.01668556939180743,-0.04291024412530476,0.008612762431504434,556,2000,True
diagnostic_v1,babe,diagnostic,jev_calibrated,llm_direct,macro_f1_delta,0.0002418577491929419,-0.02507705793868648,0.0246162171383194,556,2000,True
diagnostic_v1,babe,diagnostic,jev_compact,llm_direct,macro_f1_delta,-0.014756624700448584,-0.037171077163296595,0.008475709694217754,556,2000,True
diagnostic_v1,babe,diagnostic,jev_verbose,llm_direct,macro_f1_delta,0.017095432414084066,-0.003029671668775216,0.03766723851229958,556,2000,True
diagnostic_v1,babe,diagnostic,llm_ab_judge,llm_direct,macro_f1_delta,-0.0018299529390437552,-0.019921065746281955,0.015566828342128174,556,2000,True
diagnostic_v1,babe,diagnostic,llm_vote5,llm_direct,macro_f1_delta,0.005238458984189065,-0.013111653292962155,0.022629272321667223,556,2000,True
diagnostic_v1,commonsense,diagnostic,jev_ab_average,llm_direct,equal_dimension_normalized_mae_delta,0.00777210145164578,0.00040322018755022674,0.015261288386800274,1000,2000,True
diagnostic_v1,commonsense,diagnostic,jev_ab_judge,llm_direct,equal_dimension_normalized_mae_delta,0.008610987014372767,0.0012033646085507464,0.01600812308949286,1000,2000,True
diagnostic_v1,commonsense,diagnostic,jev_anchored,llm_direct,equal_dimension_normalized_mae_delta,0.01853747427960617,0.010955611144577382,0.025931543734594668,1000,2000,True
diagnostic_v1,commonsense,diagnostic,jev_boundary,llm_direct,equal_dimension_normalized_mae_delta,0.017470125510638396,0.009846811294632558,0.024947068646311164,1000,2000,True
diagnostic_v1,commonsense,diagnostic,jev_calibrated,llm_direct,equal_dimension_normalized_mae_delta,-0.005547042458716178,-0.012328624020366382,0.0016695135346134998,1000,2000,True
diagnostic_v1,commonsense,diagnostic,jev_compact,llm_direct,equal_dimension_normalized_mae_delta,0.017905140366803157,0.010309101388910287,0.025357883598442727,1000,2000,True
diagnostic_v1,commonsense,diagnostic,jev_verbose,llm_direct,equal_dimension_normalized_mae_delta,0.00813685459188726,0.0006221157905699674,0.015642451409231862,1000,2000,True
diagnostic_v1,commonsense,diagnostic,llm_ab_judge,llm_direct,equal_dimension_normalized_mae_delta,-0.0051739136855517565,-0.01025630825374492,-0.0003992908637253316,1000,2000,True
diagnostic_v1,commonsense,diagnostic,llm_vote5,llm_direct,equal_dimension_normalized_mae_delta,-0.007053868107452982,-0.012156595538789144,-0.0020312091942295556,1000,2000,True
diagnostic_v1,conflict,diagnostic,jev_ab_average,llm_direct,macro_f1_delta,0.003773600734142346,-0.012872980519841795,0.019529148822071938,96,2000,True
diagnostic_v1,conflict,diagnostic,jev_ab_judge,llm_direct,macro_f1_delta,0.001970561994906417,-0.01618592556298074,0.01897527294705694,96,2000,True
diagnostic_v1,conflict,diagnostic,jev_anchored,llm_direct,macro_f1_delta,-0.03858167468823587,-0.059875889614581373,-0.016565512588569926,96,2000,True
diagnostic_v1,conflict,diagnostic,jev_boundary,llm_direct,macro_f1_delta,-0.036940132545186466,-0.05942247494863018,-0.013697013771415531,96,2000,True
diagnostic_v1,conflict,diagnostic,jev_calibrated,llm_direct,macro_f1_delta,0.015392385292470223,-0.016393549243046958,0.04698000993472835,96,2000,True
diagnostic_v1,conflict,diagnostic,jev_compact,llm_direct,macro_f1_delta,-0.039949645073487416,-0.06274104441948164,-0.01744549529482073,96,2000,True
diagnostic_v1,conflict,diagnostic,jev_verbose,llm_direct,macro_f1_delta,0.003219146592816635,-0.014079271708534116,0.020038777319346248,96,2000,True
diagnostic_v1,conflict,diagnostic,llm_ab_judge,llm_direct,macro_f1_delta,0.005256384162477534,-0.009132270570236365,0.0206717313409966,96,2000,True
diagnostic_v1,conflict,diagnostic,llm_vote5,llm_direct,macro_f1_delta,-0.004592323285609767,-0.01583230146056005,0.005479958541851409,96,2000,True
diagnostic_v1,mbd,diagnostic,jev_ab_average,llm_direct,macro_f1_delta,0.009588765639718999,-0.023840359365384915,0.04805924177945172,15,2000,True
diagnostic_v1,mbd,diagnostic,jev_ab_judge,llm_direct,macro_f1_delta,0.020001338840356597,-0.011632620714999334,0.058963430597481166,15,2000,True
diagnostic_v1,mbd,diagnostic,jev_anchored,llm_direct,macro_f1_delta,-0.0033973039083454726,-0.03610440422558474,0.03239707960767772,15,2000,True
diagnostic_v1,mbd,diagnostic,jev_boundary,llm_direct,macro_f1_delta,-0.007323544312667907,-0.034848888956088994,0.0207163154574919,15,2000,True
diagnostic_v1,mbd,diagnostic,jev_calibrated,llm_direct,macro_f1_delta,0.017921228901991437,-0.0186705335677593,0.0512068449134579,15,2000,True
diagnostic_v1,mbd,diagnostic,jev_compact,llm_direct,macro_f1_delta,0.00041318762564857003,-0.0323507481786375,0.035367700311456196,15,2000,True
diagnostic_v1,mbd,diagnostic,jev_verbose,llm_direct,macro_f1_delta,0.01675169006146393,-0.017670080796467064,0.05991601066657671,15,2000,True
diagnostic_v1,mbd,diagnostic,llm_ab_judge,llm_direct,macro_f1_delta,0.03929504542145179,0.01339715906882453,0.07128460889851235,15,2000,True
diagnostic_v1,mbd,diagnostic,llm_vote5,llm_direct,macro_f1_delta,0.039726995285154,0.00705240100640746,0.07766169458884126,15,2000,True
diagnostic_v1,ucc,diagnostic,jev_ab_average,llm_direct,macro_f1_delta,-0.05938304122046095,-0.0706898262827105,-0.046824120112660995,150,2000,True
diagnostic_v1,ucc,diagnostic,jev_ab_judge,llm_direct,macro_f1_delta,-0.059329034543454506,-0.07057196719010592,-0.0467492179470285,150,2000,True
diagnostic_v1,ucc,diagnostic,jev_anchored,llm_direct,macro_f1_delta,-0.06817284444752153,-0.0838188201217915,-0.05184100481055931,150,2000,True
diagnostic_v1,ucc,diagnostic,jev_boundary,llm_direct,macro_f1_delta,-0.06338334067450163,-0.08034538164943661,-0.04615297895782203,150,2000,True
diagnostic_v1,ucc,diagnostic,jev_calibrated,llm_direct,macro_f1_delta,-0.027625933515842305,-0.04722390307256287,-0.006164265777426429,150,2000,True
diagnostic_v1,ucc,diagnostic,jev_compact,llm_direct,macro_f1_delta,-0.0700747745616146,-0.0855428906009256,-0.053245858367082205,150,2000,True
diagnostic_v1,ucc,diagnostic,jev_verbose,llm_direct,macro_f1_delta,-0.06265069757433867,-0.07364097285108506,-0.05080156678040618,150,2000,True
diagnostic_v1,ucc,diagnostic,llm_ab_judge,llm_direct,macro_f1_delta,0.0009658485423327257,-0.008022509199883055,0.01046615235243092,150,2000,True
diagnostic_v1,ucc,diagnostic,llm_vote5,llm_direct,macro_f1_delta,0.004432629959332024,-0.00457536555140417,0.014063108141653754,150,2000,True
discovery_taskmap_v4,taskmap,discovery,jev_anchored,llm_direct,equal_dimension_normalized_mae_delta,0.006837949574055424,-0.009775389800437635,0.021670996771854228,19,2000,True
discovery_taskmap_v4,taskmap,discovery,jev_compact,llm_direct,equal_dimension_normalized_mae_delta,0.007523290697959872,-0.008129623859334687,0.02100699165517521,19,2000,True
discovery_taskmap_v4,taskmap,discovery,jev_verbose,llm_direct,equal_dimension_normalized_mae_delta,0.004731541174641363,-0.010243048386131147,0.017046663143509257,19,2000,True
discovery_v1,babe,discovery,jev_anchored,llm_direct,macro_f1_delta,-0.8704453441295547,-0.9684729064039409,-0.7380116959064327,32,2000,True
discovery_v1,babe,discovery,jev_compact,llm_direct,macro_f1_delta,-0.8704453441295547,-0.9684729064039409,-0.7380116959064327,32,2000,True
discovery_v1,babe,discovery,jev_verbose,llm_direct,macro_f1_delta,-0.8704453441295547,-0.9684729064039409,-0.7380116959064327,32,2000,True
discovery_v1,conflict,discovery,jev_anchored,llm_direct,macro_f1_delta,-0.4655689233799166,-0.50827260259122,-0.4063131373204082,12,2000,True
discovery_v1,conflict,discovery,jev_compact,llm_direct,macro_f1_delta,-0.4655689233799166,-0.50827260259122,-0.4063131373204082,12,2000,True
discovery_v1,conflict,discovery,jev_verbose,llm_direct,macro_f1_delta,-0.4655689233799166,-0.50827260259122,-0.4063131373204082,12,2000,True
discovery_v1,mbd,discovery,jev_anchored,llm_direct,macro_f1_delta,-0.35629629629629633,-0.35629629629629633,-0.35629629629629633,1,2000,True
discovery_v1,mbd,discovery,jev_compact,llm_direct,macro_f1_delta,-0.35629629629629633,-0.35629629629629633,-0.35629629629629633,1,2000,True
discovery_v1,mbd,discovery,jev_verbose,llm_direct,macro_f1_delta,-0.35629629629629633,-0.35629629629629633,-0.35629629629629633,1,2000,True
discovery_v2,babe,discovery,jev_anchored,llm_direct,macro_f1_delta,-0.00979463592891594,-0.07130539534739946,0.046797483824433384,110,2000,True
discovery_v2,babe,discovery,jev_compact,llm_direct,macro_f1_delta,-0.0394608574384393,-0.10044395189229582,0.014176242564317688,110,2000,True
discovery_v2,babe,discovery,jev_verbose,llm_direct,macro_f1_delta,0.020084858527277705,-0.026075362337631598,0.06765462335501526,110,2000,True
discovery_v2,commonsense,discovery,jev_anchored,llm_direct,equal_dimension_normalized_mae_delta,-0.0005166151613291148,-0.01675219793694789,0.015367477327815831,200,2000,True
discovery_v2,commonsense,discovery,jev_compact,llm_direct,equal_dimension_normalized_mae_delta,0.0003729452782313125,-0.01654457997769848,0.01650779971087899,200,2000,True
discovery_v2,commonsense,discovery,jev_verbose,llm_direct,equal_dimension_normalized_mae_delta,-0.0015841206092235272,-0.018730234931260532,0.014969664460072614,200,2000,True
discovery_v2,conflict,discovery,jev_anchored,llm_direct,macro_f1_delta,-0.04583306624923511,-0.10613134916446293,0.017450126063897398,12,2000,True
discovery_v2,conflict,discovery,jev_compact,llm_direct,macro_f1_delta,-0.03875741705946939,-0.1008465697850304,0.023320381564253645,12,2000,True
discovery_v2,conflict,discovery,jev_verbose,llm_direct,macro_f1_delta,0.008738712745639199,-0.029313316514441235,0.05120679490848226,12,2000,True
discovery_v2,mbd,discovery,jev_anchored,llm_direct,macro_f1_delta,-0.13513368755719313,-0.3468789210798656,0.02161641336481701,5,2000,True
discovery_v2,mbd,discovery,jev_compact,llm_direct,macro_f1_delta,-0.13741463173233814,-0.3555928771292171,0.01461252166537863,5,2000,True
discovery_v2,mbd,discovery,jev_verbose,llm_direct,macro_f1_delta,-0.1469276164106702,-0.347067082650404,0.002056707390369561,5,2000,True
discovery_v2,ucc,discovery,jev_anchored,llm_direct,macro_f1_delta,-0.06856496535356421,-0.11004553490914391,-0.03636845200804655,29,2000,True
discovery_v2,ucc,discovery,jev_compact,llm_direct,macro_f1_delta,-0.057680374738333706,-0.09385139169944923,-0.029728560375161032,29,2000,True
discovery_v2,ucc,discovery,jev_verbose,llm_direct,macro_f1_delta,-0.05474885377758021,-0.0831388050047198,-0.03543582645846545,29,2000,True
discovery_v3,babe,discovery,jev_anchored,llm_direct,macro_f1_delta,-0.01436179961226991,-0.0718354018076014,0.03860214993248824,110,2000,True
discovery_v3,babe,discovery,jev_compact,llm_direct,macro_f1_delta,-0.029448592413784058,-0.09086393821983725,0.026053713790630345,110,2000,True
discovery_v3,babe,discovery,jev_verbose,llm_direct,macro_f1_delta,0.014941027559860598,-0.028959564435600077,0.060939515392493634,110,2000,True
discovery_v3,commonsense,discovery,jev_anchored,llm_direct,equal_dimension_normalized_mae_delta,-0.00389724199686195,-0.02162837330819863,0.012649481459570146,200,2000,True
discovery_v3,commonsense,discovery,jev_compact,llm_direct,equal_dimension_normalized_mae_delta,-0.002037417406002884,-0.01965633419030373,0.015159813998334985,200,2000,True
discovery_v3,commonsense,discovery,jev_verbose,llm_direct,equal_dimension_normalized_mae_delta,-0.00520839717308097,-0.024028538252564464,0.012532379292409848,200,2000,True
discovery_v3,conflict,discovery,jev_anchored,llm_direct,macro_f1_delta,-0.029968612885182377,-0.09209791128248997,0.030612457347749648,12,2000,True
discovery_v3,conflict,discovery,jev_compact,llm_direct,macro_f1_delta,-0.03776926409346665,-0.09869984129652982,0.02305560741573982,12,2000,True
discovery_v3,conflict,discovery,jev_verbose,llm_direct,macro_f1_delta,0.012223775693188443,-0.024456389020621312,0.05114306378646718,12,2000,True
discovery_v3,mbd,discovery,jev_anchored,llm_direct,macro_f1_delta,0.00400803193483612,-0.057956431684441756,0.055005745237060366,5,2000,True
discovery_v3,mbd,discovery,jev_compact,llm_direct,macro_f1_delta,-0.003827773289914904,-0.055981623143589454,0.04529695101162923,5,2000,True
discovery_v3,mbd,discovery,jev_verbose,llm_direct,macro_f1_delta,0.0034529154359284053,-0.06562064230208053,0.059460664004519215,5,2000,True
discovery_v3,taskmap,discovery,jev_anchored,llm_direct,equal_dimension_normalized_mae_delta,0.005815122055008642,-0.014031838128789916,0.0215465108347859,19,2000,True
discovery_v3,taskmap,discovery,jev_compact,llm_direct,equal_dimension_normalized_mae_delta,0.005858317989508921,-0.014278772847223774,0.022058775517244993,19,2000,True
discovery_v3,ucc,discovery,jev_anchored,llm_direct,macro_f1_delta,-0.06438364788000861,-0.0948559976559696,-0.03524852420636937,29,2000,True
discovery_v3,ucc,discovery,jev_compact,llm_direct,macro_f1_delta,-0.059267231463179915,-0.08844727622958176,-0.030915005054137586,29,2000,True
discovery_v3,ucc,discovery,jev_verbose,llm_direct,macro_f1_delta,-0.055798000430593686,-0.08731219122384787,-0.03385841618074198,29,2000,True
smoke_taskmap_v3,taskmap,discovery,jev_compact,llm_direct,equal_dimension_normalized_mae_delta,0.007192769766751539,-0.011788037136146803,0.024513869422380347,11,2000,True
