epoch,dataset,split,method,primary_dimensions,cohort_sha256,n_cells,coverage,macro_f1,macro_f1_supported_secondary,accuracy,nll,fraction_mae,fraction_rmse,fraction_binomial_loss,rating_mae,rating_normalized_mae,calls,fresh_calls,execution_type,cache_reads,unknown_billing_calls,input_tokens,output_tokens,cold_cost_usd_low,cold_cost_usd_high,warm_cost_usd_low,warm_cost_usd_high,api_elapsed_sum_seconds,workflow_elapsed_sum_seconds,completed_batches,total_batches,expected_batches,cohort_complete,current_book_match
routing_discovery_v1_b05,babe,discovery,jev_explanation,1,555d11bc6ff584eb1dce88846fc695bf80d8e9dff660503a8062d3df8a61c762,200,0.52,0.49355888093689004,0.49355888093689004,0.375,0.6002529933286056,,,,,,13,0,"[""actual_workflow""]",13,0,56050,7208,0.0023541,0.0023541,0.0023541,0.0023541,7.153349541986245,33.07539037596143,7,13,13,True,True
routing_discovery_v1_b05,babe,discovery,jev_grounded,1,555d11bc6ff584eb1dce88846fc695bf80d8e9dff660503a8062d3df8a61c762,200,1.0,0.7798018216394755,0.7798018216394755,0.78,0.7951914123607624,,,,,,13,13,"[""actual_workflow""]",0,0,56050,7208,0.0023541,0.0023541,0.0023541,0.0023541,7.153349541986245,7.204078082984779,13,13,13,True,True
routing_discovery_v1_b05,babe,discovery,jev_targeted_llm,1,555d11bc6ff584eb1dce88846fc695bf80d8e9dff660503a8062d3df8a61c762,200,1.0,0.7596153846153846,0.7596153846153846,0.76,0.6002529933286056,,,,,,19,6,"[""actual_workflow""]",13,0,82677,8081,0.00687195,0.0113898,0.003127566,0.003901032,12.516760959013482,5.424812917975942,13,13,13,True,True
routing_discovery_v1_b05,conflict,discovery,jev_explanation,4,2155696c8e98177c35899a25214fa86f3361d270ac138ae7063c9be8cd4bea62,368,0.4782608695652174,0.31622905660162126,0.42070666854191974,0.4483695652173913,0.1936064347287857,,,,,,6,0,"[""actual_workflow""]",6,0,42664,18478,0.0017918880000000002,0.0017918880000000002,0.0017918880000000002,0.0017918880000000002,5.130348791994038,42.24651279198588,3,6,6,True,True
routing_discovery_v1_b05,conflict,discovery,jev_grounded,4,2155696c8e98177c35899a25214fa86f3361d270ac138ae7063c9be8cd4bea62,368,1.0,0.49815167972029223,0.6582270092871472,0.8315217391304348,0.5409130397260441,,,,,,6,6,"[""actual_workflow""]",0,0,42664,18478,0.0017918880000000002,0.0017918880000000002,0.0017918880000000002,0.0017918880000000002,5.130348791994038,5.203955749020679,6,6,6,True,True
routing_discovery_v1_b05,conflict,discovery,jev_targeted_llm,4,2155696c8e98177c35899a25214fa86f3361d270ac138ae7063c9be8cd4bea62,368,1.0,0.5069858338505229,0.6718209986856877,0.8885869565217391,0.1936064347287857,,,,,,9,3,"[""actual_workflow""]",6,0,70450,20879,0.007400388,0.013008888,0.0033931680000000002,0.004994448,12.214610750001157,7.13052620900271,6,6,6,True,True
routing_discovery_v1_b05,mbd,discovery,jev_explanation,3,456af7dfb69959ef94e28748e35c33f36e0129c002122a6e932ee911ff9db88f,623,0.6003210272873194,0.4933285459020478,0.4933285459020478,0.5184042995188506,0.40372531347207413,,,,,,15,0,"[""actual_workflow""]",15,0,145548,30674,0.006113016000000001,0.006113016000000001,0.006113016000000001,0.006113016000000001,8.943639666991658,48.53204046099563,8,15,15,True,True
routing_discovery_v1_b05,mbd,discovery,jev_grounded,3,456af7dfb69959ef94e28748e35c33f36e0129c002122a6e932ee911ff9db88f,623,1.0,0.7016005869714069,0.7016005869714069,0.8591407216794215,0.4198306829444423,,,,,,15,15,"[""actual_workflow""]",0,0,145548,30674,0.006113016000000001,0.006113016000000001,0.006113016000000001,0.006113016000000001,8.943639666991658,9.04034583401517,15,15,15,True,True
routing_discovery_v1_b05,mbd,discovery,jev_targeted_llm,3,456af7dfb69959ef94e28748e35c33f36e0129c002122a6e932ee911ff9db88f,623,1.0,0.6968631428722206,0.6968631428722206,0.8686254406068649,0.40372531347207413,,,,,,22,7,"[""actual_workflow""]",15,0,205595,32552,0.016246866,0.026380716,0.007629138000000001,0.00914526,16.47101004399883,7.678625001004548,15,15,15,True,True
routing_discovery_v1_b05,ucc,discovery,jev_explanation,7,a561043082d3aec7ff0d3bc89623314377afff9593eb7a5e9e5bdc0f3137c688,1470,0.4666666666666667,0.3685716787571008,0.3685716787571008,0.4421768707482993,0.17873626611731044,,,,,,14,0,"[""actual_workflow""]",14,0,282213,52746,0.011852946000000001,0.011852946000000001,0.011852946000000001,0.011852946000000001,9.896478292968823,135.52969670800667,7,14,14,True,True
routing_discovery_v1_b05,ucc,discovery,jev_grounded,7,a561043082d3aec7ff0d3bc89623314377afff9593eb7a5e9e5bdc0f3137c688,1470,1.0,0.4214517382472745,0.4214517382472745,0.6108843537414966,0.9522490634240148,,,,,,14,14,"[""actual_workflow""]",0,0,282213,52746,0.011852946000000001,0.011852946000000001,0.011852946000000001,0.011852946000000001,9.896478292968823,10.14488695898035,14,14,14,True,True
routing_discovery_v1_b05,ucc,discovery,jev_targeted_llm,7,a561043082d3aec7ff0d3bc89623314377afff9593eb7a5e9e5bdc0f3137c688,1470,1.0,0.507045933948872,0.507045933948872,0.8156462585034013,0.17873626611731044,,,,,,21,7,"[""actual_workflow""]",14,0,424935,60582,0.037962846,0.064072746,0.017189982,0.022527018000000003,31.546274209962576,21.849156207987107,14,14,14,True,True
