epoch,dataset,split,method,dimension_id,primary,kind,estimand,original_labels,original_output_range,n_reference,n_predicted,coverage,accuracy,macro_f1,macro_f1_supported,n_original_classes,n_supported_classes,nll,nll_n,brier,probability_coverage,mae,rmse,normalized_mae,normalized_rmse,binomial_loss,n_rater_responses
routing_discovery_v1_b05,ucc,discovery,jev_explanation,healthy,True,choice,category,"[""0"", ""1""]",,210,98,0.4666666666666667,0.4095238095238095,0.34265734265734266,0.34265734265734266,2,2,0.34714940869523736,98,0.20645704740020737,0.4666666666666667,,,,,,
routing_discovery_v1_b05,ucc,discovery,jev_explanation,sarcastic,True,choice,category,"[""0"", ""1""]",,210,98,0.4666666666666667,0.4380952380952381,0.3076923076923077,0.3076923076923077,2,2,0.12672468950814963,98,0.04700906081220749,0.4666666666666667,,,,,,
routing_discovery_v1_b05,ucc,discovery,jev_explanation,generalisation,False,choice,category,"[""0"", ""1""]",,210,98,0.4666666666666667,0.44285714285714284,0.3079470198675497,0.3079470198675497,2,2,0.450751661278752,98,0.28501836734693886,0.4666666666666667,,,,,,
routing_discovery_v1_b05,ucc,discovery,jev_explanation,generalisation_unfair,True,choice,category,"[""0"", ""1""]",,210,98,0.4666666666666667,0.4523809523809524,0.3125,0.3125,2,2,0.3636764523048659,98,0.22760612244897965,0.4666666666666667,,,,,,
routing_discovery_v1_b05,ucc,discovery,jev_explanation,hostile,True,choice,category,"[""0"", ""1""]",,210,98,0.4666666666666667,0.46190476190476193,0.31699346405228757,0.31699346405228757,2,2,0.07569866279658413,98,0.023246559884887767,0.4666666666666667,,,,,,
routing_discovery_v1_b05,ucc,discovery,jev_explanation,antagonize,True,choice,category,"[""0"", ""1""]",,210,98,0.4666666666666667,0.4523809523809524,0.5608108108108107,0.5608108108108107,2,2,0.12686915145856212,98,0.05770060707162934,0.4666666666666667,,,,,,
routing_discovery_v1_b05,ucc,discovery,jev_explanation,condescending,True,choice,category,"[""0"", ""1""]",,210,98,0.4666666666666667,0.44761904761904764,0.435,0.435,2,2,0.10323377190740067,98,0.03913776831814795,0.4666666666666667,,,,,,
routing_discovery_v1_b05,ucc,discovery,jev_explanation,dismissive,True,choice,category,"[""0"", ""1""]",,210,98,0.4666666666666667,0.43333333333333335,0.30434782608695654,0.30434782608695654,2,2,0.10780172615037323,98,0.03688651709150897,0.4666666666666667,,,,,,
routing_discovery_v1_b05,ucc,discovery,jev_grounded,healthy,True,choice,category,"[""0"", ""1""]",,210,210,1.0,0.46190476190476193,0.39245756419775213,0.39245756419775213,2,2,1.6955611110194124,210,0.8000600000000002,1.0,,,,,,
routing_discovery_v1_b05,ucc,discovery,jev_grounded,sarcastic,True,choice,category,"[""0"", ""1""]",,210,210,1.0,0.6142857142857143,0.4225873247564412,0.4225873247564412,2,2,0.8476420049801315,210,0.5559580952380953,1.0,,,,,,
routing_discovery_v1_b05,ucc,discovery,jev_grounded,generalisation,False,choice,category,"[""0"", ""1""]",,210,210,1.0,0.8047619047619048,0.4897777777777778,0.4897777777777778,2,2,0.4385806378891487,210,0.2791114285714284,1.0,,,,,,
routing_discovery_v1_b05,ucc,discovery,jev_grounded,generalisation_unfair,True,choice,category,"[""0"", ""1""]",,210,210,1.0,0.8476190476190476,0.5138888888888888,0.5138888888888888,2,2,0.3519128275002659,210,0.2193971428571428,1.0,,,,,,
routing_discovery_v1_b05,ucc,discovery,jev_grounded,hostile,True,choice,category,"[""0"", ""1""]",,210,210,1.0,0.6047619047619047,0.39836388112250176,0.39836388112250176,2,2,0.8252082428606321,210,0.5294761904761908,1.0,,,,,,
routing_discovery_v1_b05,ucc,discovery,jev_grounded,antagonize,True,choice,category,"[""0"", ""1""]",,210,210,1.0,0.49523809523809526,0.37535076888539676,0.37535076888539676,2,2,1.3821626636420519,210,0.7557514285714283,1.0,,,,,,
routing_discovery_v1_b05,ucc,discovery,jev_grounded,condescending,True,choice,category,"[""0"", ""1""]",,210,210,1.0,0.6428571428571429,0.43691680669264593,0.43691680669264593,2,2,0.7744459696852439,210,0.49644000000000016,1.0,,,,,,
routing_discovery_v1_b05,ucc,discovery,jev_grounded,dismissive,True,choice,category,"[""0"", ""1""]",,210,210,1.0,0.6095238095238096,0.4105969331872946,0.4105969331872946,2,2,0.7888106242803662,210,0.5358628571428571,1.0,,,,,,
routing_discovery_v1_b05,ucc,discovery,jev_targeted_llm,healthy,True,choice,category,"[""0"", ""1""]",,210,210,1.0,0.680952380952381,0.4875996940893696,0.4875996940893696,2,2,0.34714940869523736,98,0.20645704740020737,0.4666666666666667,,,,,,
routing_discovery_v1_b05,ucc,discovery,jev_targeted_llm,sarcastic,True,choice,category,"[""0"", ""1""]",,210,210,1.0,0.8476190476190476,0.5138888888888888,0.5138888888888888,2,2,0.12672468950814963,98,0.04700906081220749,0.4666666666666667,,,,,,
routing_discovery_v1_b05,ucc,discovery,jev_targeted_llm,generalisation,False,choice,category,"[""0"", ""1""]",,210,210,1.0,0.9095238095238095,0.5238095238095237,0.5238095238095237,2,2,0.450751661278752,98,0.28501836734693886,0.4666666666666667,,,,,,
routing_discovery_v1_b05,ucc,discovery,jev_targeted_llm,generalisation_unfair,True,choice,category,"[""0"", ""1""]",,210,210,1.0,0.9238095238095239,0.5356550580431177,0.5356550580431177,2,2,0.3636764523048659,98,0.22760612244897965,0.4666666666666667,,,,,,
routing_discovery_v1_b05,ucc,discovery,jev_targeted_llm,hostile,True,choice,category,"[""0"", ""1""]",,210,210,1.0,0.8095238095238095,0.4473684210526316,0.4473684210526316,2,2,0.07569866279658413,98,0.023246559884887767,0.4666666666666667,,,,,,
routing_discovery_v1_b05,ucc,discovery,jev_targeted_llm,antagonize,True,choice,category,"[""0"", ""1""]",,210,210,1.0,0.8238095238095238,0.5567851234955222,0.5567851234955222,2,2,0.12686915145856212,98,0.05770060707162934,0.4666666666666667,,,,,,
routing_discovery_v1_b05,ucc,discovery,jev_targeted_llm,condescending,True,choice,category,"[""0"", ""1""]",,210,210,1.0,0.8238095238095238,0.5206958238233298,0.5206958238233298,2,2,0.10323377190740067,98,0.03913776831814795,0.4666666666666667,,,,,,
routing_discovery_v1_b05,ucc,discovery,jev_targeted_llm,dismissive,True,choice,category,"[""0"", ""1""]",,210,210,1.0,0.8,0.48732852824924433,0.48732852824924433,2,2,0.10780172615037323,98,0.03688651709150897,0.4666666666666667,,,,,,
